char,width,height,fontsize
A,4,4,5
A,4,5,6
A,5,5,7
A,5,6,8
A,6,7,9
A,7,7,10
A,7,8,11
A,8,9,12
A,9,10,13
A,9,10,14
A,10,11,15
A,11,12,16
A,11,12,17
A,12,13,18
A,13,14,19
A,13,14,20
A,13,15,21
A,14,16,22
A,15,17,23
A,15,17,24
A,16,18,25
A,16,19,26
A,17,19,27
A,18,20,28
A,18,21,29
A,19,22,30
A,20,22,31
A,20,23,32
A,21,24,33
A,21,24,34
A,22,25,35
A,23,26,36
A,23,26,37
A,24,27,38
A,25,28,39
A,25,29,40
A,26,29,41
A,26,30,42
A,27,31,43
A,28,31,44
A,28,32,45
A,29,33,46
A,29,33,47
A,30,34,48
A,31,35,49
A,31,36,50
A,32,36,51
A,33,37,52
A,33,38,53
A,34,38,54
A,34,39,55
A,35,40,56
A,36,41,57
A,36,41,58
A,37,42,59
A,37,43,60
A,38,43,61
A,39,44,62
A,39,45,63
A,40,45,64
A,41,46,65
A,41,47,66
A,42,48,67
A,42,48,68
A,43,49,69
A,44,50,70
A,44,50,71
A,44,51,72
A,45,52,73
A,45,53,74
A,46,53,75
A,46,54,76
A,47,55,77
A,48,55,78
A,48,56,79
A,49,57,80
A,49,57,81
A,50,58,82
A,51,59,83
A,51,60,84
A,52,60,85
A,53,61,86
A,53,62,87
A,54,62,88
A,54,63,89
A,55,64,90
A,56,64,91
A,56,65,92
A,57,66,93
A,58,67,94
A,58,67,95
A,59,68,96
A,59,69,97
A,60,69,98
A,61,70,99
B,3,4,5
B,4,5,6
B,5,5,7
B,5,6,8
B,6,7,9
B,5,7,10
B,6,8,11
B,7,9,12
B,7,10,13
B,8,10,14
B,8,11,15
B,9,12,16
B,10,12,17
B,10,13,18
B,11,14,19
B,11,14,20
B,11,15,21
B,12,16,22
B,13,17,23
B,13,17,24
B,14,18,25
B,14,19,26
B,15,19,27
B,14,20,28
B,15,21,29
B,16,22,30
B,16,22,31
B,17,23,32
B,17,24,33
B,18,24,34
B,18,25,35
B,19,26,36
B,20,26,37
B,20,27,38
B,21,28,39
B,21,29,40
B,22,29,41
B,22,30,42
B,22,31,43
B,23,31,44
B,23,32,45
B,24,33,46
B,24,33,47
B,25,34,48
B,25,35,49
B,26,36,50
B,27,36,51
B,27,37,52
B,28,38,53
B,28,38,54
B,29,39,55
B,29,40,56
B,29,41,57
B,30,41,58
B,30,42,59
B,31,43,60
B,31,43,61
B,32,44,62
B,32,45,63
B,33,45,64
B,34,46,65
B,34,47,66
B,35,48,67
B,35,48,68
B,36,49,69
B,37,50,70
B,37,50,71
B,37,51,72
B,37,52,73
B,38,53,74
B,38,53,75
B,39,54,76
B,40,55,77
B,40,55,78
B,41,56,79
B,41,57,80
B,42,57,81
B,42,58,82
B,43,59,83
B,44,60,84
B,44,60,85
B,44,61,86
B,44,62,87
B,45,62,88
B,45,63,89
B,46,64,90
B,47,64,91
B,47,65,92
B,48,66,93
B,48,67,94
B,49,67,95
B,49,68,96
B,50,69,97
B,51,69,98
B,51,70,99
C,4,4,5
C,4,5,6
C,5,5,7
C,6,7,8
C,6,8,9
C,7,9,10
C,8,9,11
C,8,10,12
C,9,11,13
C,9,11,14
C,9,12,15
C,10,13,16
C,11,14,17
C,11,14,18
C,12,15,19
C,13,16,20
C,14,16,21
C,14,17,22
C,14,18,23
C,15,19,24
C,16,19,25
C,16,20,26
C,17,21,27
C,18,21,28
C,18,22,29
C,19,23,30
C,20,24,31
C,20,24,32
C,21,25,33
C,22,26,34
C,22,26,35
C,23,27,36
C,23,28,37
C,24,29,38
C,25,29,39
C,25,30,40
C,26,31,41
C,27,31,42
C,27,32,43
C,28,33,44
C,29,34,45
C,28,34,46
C,29,35,47
C,30,36,48
C,30,36,49
C,31,37,50
C,32,38,51
C,32,39,52
C,33,39,53
C,34,40,54
C,34,41,55
C,35,41,56
C,35,42,57
C,36,43,58
C,37,44,59
C,37,44,60
C,38,45,61
C,39,46,62
C,39,47,63
C,40,47,64
C,41,48,65
C,41,49,66
C,42,49,67
C,43,50,68
C,43,51,69
C,44,52,70
C,44,52,71
C,44,53,72
C,45,54,73
C,46,54,74
C,46,55,75
C,47,56,76
C,47,57,77
C,48,57,78
C,49,58,79
C,49,59,80
C,50,59,81
C,51,60,82
C,51,61,83
C,52,62,84
C,53,62,85
C,53,63,86
C,54,64,87
C,55,64,88
C,55,65,89
C,56,66,90
C,57,67,91
C,57,67,92
C,58,68,93
C,59,69,94
C,58,69,95
C,59,71,96
C,60,72,97
C,60,73,98
C,61,73,99
D,4,4,5
D,4,5,6
D,5,5,7
D,6,6,8
D,6,7,9
D,6,7,10
D,7,8,11
D,7,9,12
D,8,10,13
D,9,10,14
D,9,11,15
D,10,12,16
D,11,12,17
D,11,13,18
D,12,14,19
D,12,14,20
D,13,15,21
D,13,16,22
D,14,17,23
D,15,17,24
D,15,18,25
D,16,19,26
D,17,19,27
D,16,20,28
D,17,21,29
D,18,22,30
D,18,22,31
D,19,23,32
D,19,24,33
D,20,24,34
D,21,25,35
D,21,26,36
D,22,26,37
D,23,27,38
D,23,28,39
D,24,29,40
D,25,29,41
D,25,30,42
D,25,31,43
D,25,31,44
D,26,32,45
D,27,33,46
D,27,33,47
D,28,34,48
D,29,35,49
D,29,36,50
D,30,36,51
D,31,37,52
D,31,38,53
D,32,38,54
D,32,39,55
D,33,40,56
D,33,41,57
D,33,41,58
D,34,42,59
D,35,43,60
D,35,43,61
D,36,44,62
D,37,45,63
D,37,45,64
D,38,46,65
D,38,47,66
D,39,48,67
D,40,48,68
D,40,49,69
D,41,50,70
D,42,50,71
D,41,51,72
D,42,52,73
D,43,53,74
D,43,53,75
D,44,54,76
D,44,55,77
D,45,55,78
D,46,56,79
D,46,57,80
D,47,57,81
D,48,58,82
D,48,59,83
D,49,60,84
D,50,60,85
D,49,61,86
D,50,62,87
D,50,62,88
D,51,63,89
D,52,64,90
D,52,64,91
D,53,65,92
D,54,66,93
D,54,67,94
D,55,67,95
D,56,68,96
D,56,69,97
D,57,69,98
D,58,70,99
E,3,4,5
E,4,5,6
E,4,5,7
E,5,6,8
E,5,7,9
E,5,7,10
E,5,8,11
E,6,9,12
E,6,10,13
E,7,10,14
E,7,11,15
E,8,12,16
E,8,12,17
E,9,13,18
E,9,14,19
E,9,14,20
E,10,15,21
E,10,16,22
E,11,17,23
E,11,17,24
E,12,18,25
E,13,19,26
E,13,19,27
E,13,20,28
E,13,21,29
E,14,22,30
E,14,22,31
E,15,23,32
E,15,24,33
E,16,24,34
E,16,25,35
E,17,26,36
E,17,26,37
E,18,27,38
E,18,28,39
E,19,29,40
E,19,29,41
E,20,30,42
E,19,31,43
E,20,31,44
E,20,32,45
E,21,33,46
E,21,33,47
E,22,34,48
E,22,35,49
E,23,36,50
E,23,36,51
E,24,37,52
E,24,38,53
E,25,38,54
E,25,39,55
E,26,40,56
E,25,41,57
E,26,41,58
E,26,42,59
E,27,43,60
E,27,43,61
E,28,44,62
E,28,45,63
E,29,45,64
E,29,46,65
E,30,47,66
E,30,48,67
E,31,48,68
E,31,49,69
E,32,50,70
E,32,50,71
E,32,51,72
E,32,52,73
E,33,53,74
E,33,53,75
E,34,54,76
E,34,55,77
E,35,55,78
E,35,56,79
E,36,57,80
E,36,57,81
E,37,58,82
E,37,59,83
E,38,60,84
E,38,60,85
E,38,61,86
E,38,62,87
E,39,62,88
E,39,63,89
E,40,64,90
E,40,64,91
E,41,65,92
E,41,66,93
E,42,67,94
E,42,67,95
E,43,68,96
E,43,69,97
E,44,69,98
E,44,70,99
F,3,4,5
F,3,5,6
F,4,5,7
F,5,6,8
F,5,7,9
F,5,7,10
F,5,8,11
F,6,9,12
F,6,10,13
F,7,10,14
F,7,11,15
F,8,12,16
F,8,12,17
F,9,13,18
F,9,14,19
F,9,14,20
F,10,15,21
F,10,16,22
F,11,17,23
F,11,17,24
F,12,18,25
F,12,19,26
F,13,19,27
F,12,20,28
F,13,21,29
F,13,22,30
F,14,22,31
F,14,23,32
F,15,24,33
F,15,24,34
F,16,25,35
F,16,26,36
F,17,26,37
F,17,27,38
F,18,28,39
F,18,29,40
F,19,29,41
F,19,30,42
F,19,31,43
F,19,31,44
F,20,32,45
F,20,33,46
F,21,33,47
F,21,34,48
F,22,35,49
F,22,36,50
F,23,36,51
F,23,37,52
F,24,38,53
F,24,38,54
F,25,39,55
F,25,40,56
F,25,41,57
F,25,41,58
F,26,42,59
F,26,43,60
F,27,43,61
F,27,44,62
F,28,45,63
F,28,45,64
F,29,46,65
F,29,47,66
F,30,48,67
F,30,48,68
F,31,49,69
F,31,50,70
F,32,50,71
F,31,51,72
F,32,52,73
F,32,53,74
F,33,53,75
F,33,54,76
F,34,55,77
F,34,55,78
F,35,56,79
F,35,57,80
F,36,57,81
F,36,58,82
F,37,59,83
F,37,60,84
F,38,60,85
F,37,61,86
F,38,62,87
F,38,62,88
F,39,63,89
F,39,64,90
F,40,64,91
F,40,65,92
F,41,66,93
F,41,67,94
F,42,67,95
F,42,68,96
F,42,69,97
F,43,69,98
F,43,70,99
G,4,4,5
G,4,5,6
G,5,5,7
G,6,7,8
G,7,8,9
G,7,9,10
G,8,9,11
G,9,10,12
G,9,11,13
G,9,11,14
G,10,12,15
G,10,13,16
G,11,14,17
G,12,14,18
G,12,15,19
G,14,16,20
G,14,16,21
G,14,17,22
G,15,18,23
G,15,19,24
G,16,19,25
G,17,20,26
G,17,21,27
G,18,21,28
G,19,22,29
G,19,23,30
G,20,24,31
G,21,24,32
G,21,25,33
G,22,26,34
G,23,26,35
G,23,27,36
G,24,28,37
G,25,29,38
G,25,29,39
G,26,30,40
G,27,31,41
G,27,31,42
G,28,32,43
G,29,33,44
G,29,34,45
G,29,34,46
G,30,35,47
G,30,36,48
G,31,36,49
G,32,37,50
G,32,38,51
G,33,39,52
G,33,39,53
G,34,40,54
G,35,41,55
G,35,41,56
G,36,42,57
G,37,43,58
G,37,44,59
G,38,44,60
G,39,45,61
G,39,46,62
G,40,47,63
G,41,47,64
G,41,48,65
G,42,49,66
G,43,49,67
G,43,50,68
G,44,51,69
G,45,52,70
G,44,52,71
G,45,53,72
G,46,54,73
G,46,54,74
G,47,55,75
G,48,56,76
G,48,57,77
G,49,57,78
G,50,58,79
G,50,59,80
G,51,59,81
G,52,60,82
G,52,61,83
G,53,62,84
G,54,62,85
G,54,63,86
G,55,64,87
G,56,64,88
G,56,65,89
G,57,66,90
G,58,67,91
G,58,67,92
G,59,68,93
G,60,69,94
G,59,69,95
G,60,71,96
G,61,72,97
G,61,73,98
G,62,73,99
H,4,4,5
H,4,5,6
H,5,5,7
H,6,6,8
H,6,7,9
H,6,7,10
H,7,8,11
H,7,9,12
H,8,10,13
H,9,10,14
H,9,11,15
H,10,12,16
H,10,12,17
H,11,13,18
H,12,14,19
H,12,14,20
H,13,15,21
H,13,16,22
H,14,17,23
H,15,17,24
H,15,18,25
H,16,19,26
H,16,19,27
H,16,20,28
H,17,21,29
H,17,22,30
H,18,22,31
H,19,23,32
H,19,24,33
H,20,24,34
H,20,25,35
H,21,26,36
H,22,26,37
H,22,27,38
H,23,28,39
H,24,29,40
H,24,29,41
H,25,30,42
H,25,31,43
H,25,31,44
H,26,32,45
H,26,33,46
H,27,33,47
H,28,34,48
H,28,35,49
H,29,36,50
H,30,36,51
H,30,37,52
H,31,38,53
H,31,38,54
H,32,39,55
H,33,40,56
H,32,41,57
H,33,41,58
H,34,42,59
H,34,43,60
H,35,43,61
H,35,44,62
H,36,45,63
H,37,45,64
H,37,46,65
H,38,47,66
H,39,48,67
H,39,48,68
H,40,49,69
H,41,50,70
H,41,50,71
H,41,51,72
H,41,52,73
H,42,53,74
H,43,53,75
H,43,54,76
H,44,55,77
H,45,55,78
H,45,56,79
H,46,57,80
H,46,57,81
H,47,58,82
H,48,59,83
H,48,60,84
H,49,60,85
H,49,61,86
H,49,62,87
H,50,62,88
H,51,63,89
H,51,64,90
H,52,64,91
H,52,65,92
H,53,66,93
H,54,67,94
H,54,67,95
H,55,68,96
H,56,69,97
H,56,69,98
H,57,70,99
I,1,4,5
I,1,5,6
I,2,5,7
I,2,6,8
I,2,7,9
I,1,7,10
I,1,8,11
I,2,9,12
I,2,10,13
I,2,10,14
I,2,11,15
I,2,12,16
I,2,12,17
I,3,13,18
I,3,14,19
I,3,14,20
I,3,15,21
I,3,16,22
I,3,17,23
I,3,17,24
I,3,18,25
I,3,19,26
I,4,19,27
I,3,20,28
I,3,21,29
I,3,22,30
I,3,22,31
I,3,23,32
I,4,24,33
I,4,24,34
I,4,25,35
I,4,26,36
I,4,26,37
I,4,27,38
I,4,28,39
I,5,29,40
I,5,29,41
I,5,30,42
I,4,31,43
I,4,31,44
I,4,32,45
I,5,33,46
I,5,33,47
I,5,34,48
I,5,35,49
I,5,36,50
I,5,36,51
I,6,37,52
I,6,38,53
I,6,38,54
I,6,39,55
I,6,40,56
I,5,41,57
I,5,41,58
I,6,42,59
I,6,43,60
I,6,43,61
I,6,44,62
I,6,45,63
I,6,45,64
I,7,46,65
I,7,47,66
I,7,48,67
I,7,48,68
I,7,49,69
I,7,50,70
I,7,50,71
I,7,51,72
I,7,52,73
I,7,53,74
I,7,53,75
I,7,54,76
I,7,55,77
I,8,55,78
I,8,56,79
I,8,57,80
I,8,57,81
I,8,58,82
I,8,59,83
I,9,60,84
I,9,60,85
I,8,61,86
I,8,62,87
I,8,62,88
I,8,63,89
I,8,64,90
I,9,64,91
I,9,65,92
I,9,66,93
I,9,67,94
I,9,67,95
I,9,68,96
I,10,69,97
I,10,69,98
I,10,70,99
J,3,4,5
J,3,5,6
J,4,5,7
J,4,7,8
J,4,8,9
J,5,8,10
J,5,9,11
J,6,10,12
J,6,11,13
J,7,11,14
J,7,12,15
J,8,13,16
J,8,13,17
J,8,14,18
J,9,15,19
J,9,15,20
J,9,16,21
J,10,17,22
J,10,18,23
J,11,18,24
J,11,19,25
J,11,20,26
J,12,20,27
J,12,21,28
J,13,22,29
J,13,23,30
J,14,23,31
J,14,24,32
J,14,25,33
J,15,25,34
J,15,26,35
J,16,27,36
J,16,27,37
J,17,28,38
J,17,29,39
J,17,30,40
J,18,30,41
J,18,31,42
J,18,32,43
J,18,32,44
J,19,33,45
J,19,34,46
J,19,34,47
J,20,35,48
J,20,36,49
J,21,37,50
J,21,37,51
J,22,38,52
J,22,39,53
J,22,39,54
J,23,40,55
J,23,41,56
J,24,42,57
J,24,42,58
J,25,43,59
J,25,44,60
J,25,44,61
J,26,45,62
J,26,46,63
J,27,46,64
J,27,47,65
J,28,48,66
J,28,49,67
J,28,49,68
J,29,50,69
J,29,51,70
J,30,51,71
J,30,52,72
J,31,53,73
J,31,54,74
J,31,54,75
J,32,55,76
J,32,56,77
J,33,56,78
J,33,57,79
J,34,58,80
J,34,58,81
J,34,59,82
J,35,60,83
J,35,61,84
J,36,61,85
J,36,62,86
J,37,63,87
J,37,63,88
J,37,64,89
J,38,65,90
J,38,65,91
J,38,66,92
J,38,67,93
J,38,68,94
J,39,68,95
J,39,70,96
J,40,71,97
J,40,71,98
J,41,72,99
K,4,4,5
K,4,5,6
K,5,5,7
K,5,6,8
K,6,7,9
K,6,7,10
K,6,8,11
K,7,9,12
K,8,10,13
K,8,10,14
K,9,11,15
K,9,12,16
K,10,12,17
K,11,13,18
K,11,14,19
K,12,15,20
K,12,15,21
K,13,16,22
K,13,17,23
K,14,17,24
K,15,18,25
K,15,19,26
K,16,19,27
K,15,20,28
K,16,21,29
K,17,22,30
K,17,22,31
K,18,23,32
K,18,24,33
K,19,24,34
K,20,25,35
K,20,26,36
K,21,26,37
K,22,27,38
K,22,28,39
K,23,29,40
K,23,29,41
K,24,30,42
K,24,31,43
K,24,31,44
K,25,32,45
K,25,33,46
K,26,34,47
K,27,34,48
K,27,35,49
K,28,36,50
K,28,36,51
K,29,37,52
K,30,38,53
K,30,38,54
K,31,39,55
K,31,40,56
K,31,41,57
K,32,41,58
K,32,42,59
K,33,43,60
K,34,43,61
K,34,44,62
K,35,45,63
K,35,45,64
K,36,46,65
K,37,47,66
K,37,48,67
K,38,48,68
K,38,49,69
K,39,50,70
K,40,51,71
K,39,51,72
K,40,52,73
K,40,53,74
K,41,53,75
K,42,54,76
K,42,55,77
K,43,55,78
K,43,56,79
K,44,57,80
K,45,58,81
K,45,58,82
K,46,59,83
K,47,60,84
K,47,60,85
K,47,61,86
K,47,62,87
K,48,62,88
K,49,63,89
K,49,64,90
K,50,65,91
K,50,65,92
K,51,66,93
K,52,67,94
K,52,67,95
K,53,68,96
K,53,69,97
K,54,70,98
K,55,70,99
L,3,4,5
L,3,5,6
L,4,5,7
L,5,6,8
L,5,7,9
L,5,7,10
L,5,8,11
L,6,9,12
L,6,10,13
L,7,10,14
L,7,11,15
L,8,12,16
L,8,12,17
L,9,13,18
L,9,14,19
L,9,14,20
L,10,15,21
L,10,16,22
L,11,17,23
L,11,17,24
L,12,18,25
L,12,19,26
L,13,19,27
L,12,20,28
L,13,21,29
L,13,22,30
L,14,22,31
L,14,23,32
L,15,24,33
L,15,24,34
L,16,25,35
L,16,26,36
L,17,26,37
L,17,27,38
L,18,28,39
L,18,29,40
L,19,29,41
L,19,30,42
L,19,31,43
L,19,31,44
L,20,32,45
L,20,33,46
L,21,33,47
L,21,34,48
L,22,35,49
L,22,36,50
L,23,36,51
L,23,37,52
L,24,38,53
L,24,38,54
L,25,39,55
L,25,40,56
L,25,41,57
L,25,41,58
L,26,42,59
L,26,43,60
L,27,43,61
L,27,44,62
L,28,45,63
L,28,45,64
L,29,46,65
L,29,47,66
L,30,48,67
L,30,48,68
L,31,49,69
L,31,50,70
L,32,50,71
L,31,51,72
L,32,52,73
L,32,53,74
L,33,53,75
L,33,54,76
L,34,55,77
L,34,55,78
L,35,56,79
L,35,57,80
L,36,57,81
L,36,58,82
L,37,59,83
L,37,60,84
L,38,60,85
L,37,61,86
L,38,62,87
L,38,62,88
L,39,63,89
L,39,64,90
L,40,64,91
L,40,65,92
L,41,66,93
L,41,67,94
L,42,67,95
L,42,68,96
L,42,69,97
L,43,69,98
L,43,70,99
M,4,4,5
M,5,5,6
M,6,5,7
M,7,6,8
M,7,7,9
M,7,7,10
M,8,8,11
M,9,9,12
M,10,10,13
M,10,10,14
M,11,11,15
M,12,12,16
M,13,12,17
M,13,13,18
M,14,14,19
M,15,14,20
M,15,15,21
M,16,16,22
M,17,17,23
M,18,17,24
M,18,18,25
M,19,19,26
M,20,19,27
M,20,20,28
M,20,21,29
M,21,22,30
M,22,22,31
M,23,23,32
M,24,24,33
M,24,24,34
M,25,25,35
M,26,26,36
M,27,26,37
M,27,27,38
M,28,28,39
M,29,29,40
M,30,29,41
M,30,30,42
M,30,31,43
M,31,31,44
M,32,32,45
M,32,33,46
M,33,33,47
M,34,34,48
M,35,35,49
M,36,36,50
M,36,36,51
M,37,37,52
M,38,38,53
M,39,38,54
M,39,39,55
M,40,40,56
M,40,41,57
M,41,41,58
M,41,42,59
M,42,43,60
M,43,43,61
M,44,44,62
M,44,45,63
M,45,45,64
M,46,46,65
M,47,47,66
M,47,48,67
M,48,48,68
M,49,49,69
M,50,50,70
M,51,50,71
M,50,51,72
M,51,52,73
M,52,53,74
M,53,53,75
M,53,54,76
M,54,55,77
M,55,55,78
M,56,56,79
M,56,57,80
M,57,57,81
M,58,58,82
M,59,59,83
M,59,60,84
M,60,60,85
M,60,61,86
M,61,62,87
M,61,62,88
M,62,63,89
M,63,64,90
M,64,64,91
M,65,65,92
M,65,66,93
M,66,67,94
M,67,67,95
M,68,68,96
M,68,69,97
M,69,69,98
M,70,70,99
N,4,4,5
N,4,5,6
N,5,5,7
N,6,6,8
N,6,7,9
N,6,7,10
N,7,8,11
N,7,9,12
N,8,10,13
N,9,10,14
N,9,11,15
N,10,12,16
N,10,12,17
N,11,13,18
N,12,14,19
N,12,14,20
N,13,15,21
N,13,16,22
N,14,17,23
N,15,17,24
N,15,18,25
N,16,19,26
N,16,19,27
N,16,20,28
N,17,21,29
N,17,22,30
N,18,22,31
N,19,23,32
N,19,24,33
N,20,24,34
N,20,25,35
N,21,26,36
N,22,26,37
N,22,27,38
N,23,28,39
N,24,29,40
N,24,29,41
N,25,30,42
N,25,31,43
N,25,31,44
N,26,32,45
N,26,33,46
N,27,33,47
N,28,34,48
N,28,35,49
N,29,36,50
N,30,36,51
N,30,37,52
N,31,38,53
N,31,38,54
N,32,39,55
N,33,40,56
N,32,41,57
N,33,41,58
N,34,42,59
N,34,43,60
N,35,43,61
N,35,44,62
N,36,45,63
N,37,45,64
N,37,46,65
N,38,47,66
N,39,48,67
N,39,48,68
N,40,49,69
N,41,50,70
N,41,50,71
N,41,51,72
N,41,52,73
N,42,53,74
N,43,53,75
N,43,54,76
N,44,55,77
N,45,55,78
N,45,56,79
N,46,57,80
N,46,57,81
N,47,58,82
N,48,59,83
N,48,60,84
N,49,60,85
N,49,61,86
N,49,62,87
N,50,62,88
N,51,63,89
N,51,64,90
N,52,64,91
N,52,65,92
N,53,66,93
N,54,67,94
N,54,67,95
N,55,68,96
N,56,69,97
N,56,69,98
N,57,70,99
O,4,4,5
O,5,5,6
O,5,5,7
O,6,7,8
O,7,8,9
O,7,9,10
O,8,9,11
O,9,10,12
O,10,11,13
O,9,11,14
O,10,12,15
O,11,13,16
O,11,14,17
O,12,14,18
O,13,15,19
O,14,16,20
O,15,16,21
O,15,17,22
O,15,18,23
O,16,19,24
O,17,19,25
O,17,20,26
O,18,21,27
O,19,21,28
O,19,22,29
O,20,23,30
O,21,24,31
O,21,24,32
O,22,25,33
O,23,26,34
O,24,26,35
O,24,27,36
O,25,28,37
O,26,29,38
O,26,29,39
O,27,30,40
O,28,31,41
O,28,31,42
O,29,32,43
O,30,33,44
O,30,34,45
O,30,34,46
O,31,35,47
O,32,36,48
O,32,36,49
O,33,37,50
O,34,38,51
O,34,39,52
O,35,39,53
O,36,40,54
O,36,41,55
O,37,41,56
O,38,42,57
O,38,43,58
O,39,44,59
O,40,44,60
O,40,45,61
O,41,46,62
O,42,47,63
O,43,47,64
O,43,48,65
O,44,49,66
O,45,49,67
O,45,50,68
O,46,51,69
O,47,52,70
O,46,52,71
O,47,53,72
O,48,54,73
O,48,54,74
O,49,55,75
O,50,56,76
O,51,57,77
O,51,57,78
O,52,58,79
O,53,59,80
O,53,59,81
O,54,60,82
O,55,61,83
O,55,62,84
O,56,62,85
O,57,63,86
O,57,64,87
O,58,64,88
O,59,65,89
O,60,66,90
O,60,67,91
O,61,67,92
O,62,68,93
O,62,69,94
O,62,69,95
O,63,71,96
O,63,72,97
O,64,73,98
O,65,73,99
P,3,4,5
P,4,5,6
P,4,5,7
P,5,6,8
P,6,7,9
P,5,7,10
P,6,8,11
P,6,9,12
P,7,10,13
P,8,10,14
P,8,11,15
P,9,12,16
P,9,12,17
P,10,13,18
P,10,14,19
P,10,14,20
P,11,15,21
P,11,16,22
P,12,17,23
P,12,17,24
P,13,18,25
P,14,19,26
P,14,19,27
P,14,20,28
P,14,21,29
P,15,22,30
P,15,22,31
P,16,23,32
P,16,24,33
P,17,24,34
P,17,25,35
P,18,26,36
P,19,26,37
P,19,27,38
P,20,28,39
P,20,29,40
P,21,29,41
P,21,30,42
P,21,31,43
P,21,31,44
P,22,32,45
P,22,33,46
P,23,33,47
P,24,34,48
P,24,35,49
P,25,36,50
P,25,36,51
P,26,37,52
P,26,38,53
P,27,38,54
P,27,39,55
P,28,40,56
P,27,41,57
P,28,41,58
P,29,42,59
P,29,43,60
P,30,43,61
P,30,44,62
P,31,45,63
P,31,45,64
P,32,46,65
P,32,47,66
P,33,48,67
P,33,48,68
P,34,49,69
P,35,50,70
P,35,50,71
P,35,51,72
P,35,52,73
P,36,53,74
P,36,53,75
P,37,54,76
P,37,55,77
P,38,55,78
P,38,56,79
P,39,57,80
P,40,57,81
P,40,58,82
P,41,59,83
P,41,60,84
P,42,60,85
P,41,61,86
P,42,62,87
P,42,62,88
P,43,63,89
P,43,64,90
P,44,64,91
P,45,65,92
P,45,66,93
P,46,67,94
P,46,67,95
P,47,68,96
P,47,69,97
P,48,69,98
P,48,70,99
Q,4,5,5
Q,5,6,6
Q,5,6,7
Q,6,7,8
Q,7,8,9
Q,7,9,10
Q,8,9,11
Q,9,10,12
Q,10,11,13
Q,9,12,14
Q,10,13,15
Q,11,14,16
Q,11,15,17
Q,12,15,18
Q,13,16,19
Q,14,17,20
Q,15,17,21
Q,15,18,22
Q,15,19,23
Q,16,20,24
Q,17,20,25
Q,17,21,26
Q,18,23,27
Q,19,23,28
Q,19,24,29
Q,20,25,30
Q,21,26,31
Q,21,26,32
Q,22,27,33
Q,23,28,34
Q,24,28,35
Q,24,29,36
Q,25,30,37
Q,26,31,38
Q,26,31,39
Q,27,33,40
Q,28,34,41
Q,28,34,42
Q,29,35,43
Q,30,36,44
Q,30,37,45
Q,30,37,46
Q,31,38,47
Q,32,39,48
Q,32,39,49
Q,33,40,50
Q,34,42,51
Q,34,43,52
Q,35,43,53
Q,36,44,54
Q,36,45,55
Q,37,45,56
Q,38,46,57
Q,38,47,58
Q,39,48,59
Q,40,48,60
Q,40,49,61
Q,41,50,62
Q,42,51,63
Q,43,52,64
Q,43,53,65
Q,44,54,66
Q,45,54,67
Q,45,55,68
Q,46,56,69
Q,47,57,70
Q,46,57,71
Q,47,58,72
Q,48,59,73
Q,48,59,74
Q,49,60,75
Q,50,61,76
Q,51,63,77
Q,51,63,78
Q,52,64,79
Q,53,65,80
Q,53,65,81
Q,54,66,82
Q,55,67,83
Q,55,68,84
Q,56,68,85
Q,57,69,86
Q,57,70,87
Q,58,70,88
Q,59,71,89
Q,60,73,90
Q,60,74,91
Q,61,74,92
Q,62,75,93
Q,62,76,94
Q,62,76,95
Q,63,77,96
Q,63,78,97
Q,64,79,98
Q,65,79,99
R,3,4,5
R,4,5,6
R,5,5,7
R,5,6,8
R,6,7,9
R,5,7,10
R,6,8,11
R,7,9,12
R,7,10,13
R,8,10,14
R,8,11,15
R,9,12,16
R,10,12,17
R,10,13,18
R,11,14,19
R,11,14,20
R,12,15,21
R,12,16,22
R,13,17,23
R,13,17,24
R,14,18,25
R,14,19,26
R,15,19,27
R,15,20,28
R,15,21,29
R,16,22,30
R,16,22,31
R,17,23,32
R,17,24,33
R,18,24,34
R,19,25,35
R,19,26,36
R,20,26,37
R,20,27,38
R,21,28,39
R,22,29,40
R,22,29,41
R,23,30,42
R,22,31,43
R,23,31,44
R,23,32,45
R,24,33,46
R,25,33,47
R,25,34,48
R,26,35,49
R,26,36,50
R,27,36,51
R,27,37,52
R,28,38,53
R,29,38,54
R,29,39,55
R,30,40,56
R,29,41,57
R,30,41,58
R,31,42,59
R,31,43,60
R,32,43,61
R,32,44,62
R,33,45,63
R,33,45,64
R,34,46,65
R,35,47,66
R,35,48,67
R,36,48,68
R,36,49,69
R,37,50,70
R,37,50,71
R,37,51,72
R,38,52,73
R,38,53,74
R,39,53,75
R,39,54,76
R,40,55,77
R,41,55,78
R,41,56,79
R,42,57,80
R,42,57,81
R,43,58,82
R,43,59,83
R,44,60,84
R,45,60,85
R,44,61,86
R,45,62,87
R,45,62,88
R,46,63,89
R,46,64,90
R,47,64,91
R,48,65,92
R,48,66,93
R,49,67,94
R,49,67,95
R,50,68,96
R,51,69,97
R,51,69,98
R,52,70,99
S,3,4,5
S,4,5,6
S,4,5,7
S,5,7,8
S,6,8,9
S,6,9,10
S,7,9,11
S,7,10,12
S,8,11,13
S,9,11,14
S,9,12,15
S,9,13,16
S,9,14,17
S,10,14,18
S,10,15,19
S,12,16,20
S,12,16,21
S,13,17,22
S,13,18,23
S,14,19,24
S,14,19,25
S,14,20,26
S,14,21,27
S,15,21,28
S,16,22,29
S,16,23,30
S,17,24,31
S,17,24,32
S,18,25,33
S,18,26,34
S,19,26,35
S,20,27,36
S,20,28,37
S,21,29,38
S,21,29,39
S,22,30,40
S,22,31,41
S,23,31,42
S,23,32,43
S,24,33,44
S,25,34,45
S,25,34,46
S,26,35,47
S,26,36,48
S,27,36,49
S,27,37,50
S,28,38,51
S,28,39,52
S,29,39,53
S,30,40,54
S,29,41,55
S,30,41,56
S,30,42,57
S,31,43,58
S,31,44,59
S,32,44,60
S,32,45,61
S,33,46,62
S,34,47,63
S,34,47,64
S,35,48,65
S,35,49,66
S,36,49,67
S,36,50,68
S,37,51,69
S,38,52,70
S,38,52,71
S,39,53,72
S,39,54,73
S,40,54,74
S,40,55,75
S,41,56,76
S,41,57,77
S,42,57,78
S,43,58,79
S,43,59,80
S,44,59,81
S,44,60,82
S,45,61,83
S,45,62,84
S,45,62,85
S,45,63,86
S,46,64,87
S,47,64,88
S,47,65,89
S,48,66,90
S,48,67,91
S,49,67,92
S,49,68,93
S,50,69,94
S,50,69,95
S,51,71,96
S,52,72,97
S,52,73,98
S,53,73,99
T,3,4,5
T,4,5,6
T,4,5,7
T,5,6,8
T,6,7,9
T,6,7,10
T,7,8,11
T,7,9,12
T,8,10,13
T,9,10,14
T,9,11,15
T,10,12,16
T,10,12,17
T,11,13,18
T,12,14,19
T,12,14,20
T,12,15,21
T,13,16,22
T,13,17,23
T,14,17,24
T,14,18,25
T,15,19,26
T,15,19,27
T,16,20,28
T,17,21,29
T,17,22,30
T,18,22,31
T,18,23,32
T,19,24,33
T,19,24,34
T,20,25,35
T,19,26,36
T,20,26,37
T,21,27,38
T,21,28,39
T,22,29,40
T,22,29,41
T,23,30,42
T,23,31,43
T,24,31,44
T,24,32,45
T,25,33,46
T,26,33,47
T,26,34,48
T,27,35,49
T,27,36,50
T,28,36,51
T,28,37,52
T,29,38,53
T,29,38,54
T,30,39,55
T,31,40,56
T,31,41,57
T,32,41,58
T,32,42,59
T,33,43,60
T,33,43,61
T,34,44,62
T,34,45,63
T,35,45,64
T,36,46,65
T,36,47,66
T,37,48,67
T,37,48,68
T,38,49,69
T,38,50,70
T,39,50,71
T,39,51,72
T,40,52,73
T,41,53,74
T,41,53,75
T,42,54,76
T,41,55,77
T,42,55,78
T,42,56,79
T,43,57,80
T,43,57,81
T,44,58,82
T,45,59,83
T,45,60,84
T,46,60,85
T,46,61,86
T,47,62,87
T,47,62,88
T,48,63,89
T,48,64,90
T,49,64,91
T,50,65,92
T,50,66,93
T,51,67,94
T,51,67,95
T,52,68,96
T,52,69,97
T,53,69,98
T,53,70,99
U,4,4,5
U,4,5,6
U,5,5,7
U,6,7,8
U,6,8,9
U,6,8,10
U,7,9,11
U,7,10,12
U,8,11,13
U,8,11,14
U,9,12,15
U,10,13,16
U,10,13,17
U,11,14,18
U,12,15,19
U,12,15,20
U,13,16,21
U,13,17,22
U,14,18,23
U,14,18,24
U,15,19,25
U,16,20,26
U,16,20,27
U,16,21,28
U,17,22,29
U,17,23,30
U,18,23,31
U,18,24,32
U,19,25,33
U,20,25,34
U,20,26,35
U,21,27,36
U,22,27,37
U,22,28,38
U,23,29,39
U,23,30,40
U,24,30,41
U,25,31,42
U,24,32,43
U,25,32,44
U,26,33,45
U,26,34,46
U,27,34,47
U,28,35,48
U,28,36,49
U,29,37,50
U,29,37,51
U,30,38,52
U,31,39,53
U,31,39,54
U,32,40,55
U,33,41,56
U,32,42,57
U,33,42,58
U,33,43,59
U,34,44,60
U,35,44,61
U,35,45,62
U,36,46,63
U,37,46,64
U,37,47,65
U,38,48,66
U,38,49,67
U,39,49,68
U,40,50,69
U,40,51,70
U,41,51,71
U,41,52,72
U,41,53,73
U,42,54,74
U,42,54,75
U,43,55,76
U,44,56,77
U,44,56,78
U,45,57,79
U,46,58,80
U,46,58,81
U,47,59,82
U,47,60,83
U,48,61,84
U,49,61,85
U,48,62,86
U,49,63,87
U,50,63,88
U,50,64,89
U,51,65,90
U,52,65,91
U,52,66,92
U,53,67,93
U,53,68,94
U,54,68,95
U,55,70,96
U,55,71,97
U,56,71,98
U,57,72,99
V,4,4,5
V,4,5,6
V,5,5,7
V,5,6,8
V,6,7,9
V,7,8,10
V,7,8,11
V,8,9,12
V,9,10,13
V,9,10,14
V,10,11,15
V,11,12,16
V,11,12,17
V,12,13,18
V,13,14,19
V,13,14,20
V,13,15,21
V,14,16,22
V,15,17,23
V,15,17,24
V,16,18,25
V,16,19,26
V,17,19,27
V,18,20,28
V,18,21,29
V,19,22,30
V,20,22,31
V,20,23,32
V,21,24,33
V,21,24,34
V,22,25,35
V,23,26,36
V,23,27,37
V,24,27,38
V,25,28,39
V,25,29,40
V,26,29,41
V,26,30,42
V,27,31,43
V,28,31,44
V,28,32,45
V,29,33,46
V,29,34,47
V,30,34,48
V,31,35,49
V,31,36,50
V,32,36,51
V,33,37,52
V,33,38,53
V,34,39,54
V,34,39,55
V,35,40,56
V,36,41,57
V,36,41,58
V,37,42,59
V,37,43,60
V,38,43,61
V,39,44,62
V,39,45,63
V,40,45,64
V,41,46,65
V,41,47,66
V,42,48,67
V,42,48,68
V,43,49,69
V,44,50,70
V,44,51,71
V,44,51,72
V,45,52,73
V,45,53,74
V,46,53,75
V,46,54,76
V,47,55,77
V,48,55,78
V,48,56,79
V,49,57,80
V,49,57,81
V,50,58,82
V,51,59,83
V,51,60,84
V,52,60,85
V,53,61,86
V,53,62,87
V,54,62,88
V,54,63,89
V,55,64,90
V,56,65,91
V,56,65,92
V,57,66,93
V,58,67,94
V,58,67,95
V,59,68,96
V,59,69,97
V,60,70,98
V,61,70,99
W,5,4,5
W,6,5,6
W,7,5,7
W,8,6,8
W,9,7,9
W,10,7,10
W,11,8,11
W,11,9,12
W,12,10,13
W,13,10,14
W,14,11,15
W,15,12,16
W,16,12,17
W,17,13,18
W,18,14,19
W,18,14,20
W,19,15,21
W,20,16,22
W,21,17,23
W,22,17,24
W,23,18,25
W,24,19,26
W,25,19,27
W,26,20,28
W,27,21,29
W,27,22,30
W,28,22,31
W,29,23,32
W,30,24,33
W,31,24,34
W,32,25,35
W,33,26,36
W,34,26,37
W,35,27,38
W,36,28,39
W,35,29,40
W,36,29,41
W,37,30,42
W,38,31,43
W,39,31,44
W,40,32,45
W,41,33,46
W,42,34,47
W,43,34,48
W,44,35,49
W,44,36,50
W,45,36,51
W,46,37,52
W,47,38,53
W,48,38,54
W,49,39,55
W,50,40,56
W,51,41,57
W,52,41,58
W,53,42,59
W,53,43,60
W,54,43,61
W,55,44,62
W,56,45,63
W,57,45,64
W,58,46,65
W,59,47,66
W,60,48,67
W,61,48,68
W,62,49,69
W,63,50,70
W,63,50,71
W,64,51,72
W,65,52,73
W,66,53,74
W,67,53,75
W,68,54,76
W,69,55,77
W,70,55,78
W,71,56,79
W,72,57,80
W,72,57,81
W,73,58,82
W,74,59,83
W,75,60,84
W,76,60,85
W,76,61,86
W,77,62,87
W,78,62,88
W,79,63,89
W,80,64,90
W,80,64,91
W,81,65,92
W,82,66,93
W,83,67,94
W,84,67,95
W,85,68,96
W,86,69,97
W,87,70,98
W,88,70,99
X,4,4,5
X,4,5,6
X,5,5,7
X,5,6,8
X,6,7,9
X,7,7,10
X,7,8,11
X,8,9,12
X,9,10,13
X,9,10,14
X,10,11,15
X,11,12,16
X,11,12,17
X,12,13,18
X,12,14,19
X,13,14,20
X,13,15,21
X,14,16,22
X,14,17,23
X,15,17,24
X,16,18,25
X,16,19,26
X,17,19,27
X,18,20,28
X,18,21,29
X,19,22,30
X,19,22,31
X,20,23,32
X,21,24,33
X,21,24,34
X,22,25,35
X,22,26,36
X,23,27,37
X,24,27,38
X,24,28,39
X,24,29,40
X,24,29,41
X,25,30,42
X,26,31,43
X,26,31,44
X,27,32,45
X,28,33,46
X,28,33,47
X,29,34,48
X,29,35,49
X,30,36,50
X,31,36,51
X,31,37,52
X,32,38,53
X,32,39,54
X,33,39,55
X,34,40,56
X,34,41,57
X,35,41,58
X,36,42,59
X,36,43,60
X,37,43,61
X,37,44,62
X,38,45,63
X,39,46,64
X,39,46,65
X,40,47,66
X,40,48,67
X,41,48,68
X,42,49,69
X,42,50,70
X,43,50,71
X,43,51,72
X,44,52,73
X,45,53,74
X,45,53,75
X,46,54,76
X,47,55,77
X,47,55,78
X,48,56,79
X,48,57,80
X,49,58,81
X,50,58,82
X,50,59,83
X,51,60,84
X,51,60,85
X,51,61,86
X,52,62,87
X,52,62,88
X,53,63,89
X,54,64,90
X,54,65,91
X,55,65,92
X,55,66,93
X,56,67,94
X,57,67,95
X,57,68,96
X,58,69,97
X,58,69,98
X,59,70,99
Y,3,4,5
Y,4,5,6
Y,5,5,7
Y,5,6,8
Y,6,7,9
Y,7,8,10
Y,7,8,11
Y,8,9,12
Y,8,10,13
Y,9,10,14
Y,10,11,15
Y,10,12,16
Y,11,12,17
Y,12,13,18
Y,12,14,19
Y,12,14,20
Y,13,15,21
Y,14,16,22
Y,14,17,23
Y,15,17,24
Y,15,18,25
Y,16,19,26
Y,17,19,27
Y,17,20,28
Y,18,21,29
Y,18,22,30
Y,19,22,31
Y,20,23,32
Y,20,24,33
Y,21,24,34
Y,21,25,35
Y,22,26,36
Y,23,27,37
Y,23,27,38
Y,24,28,39
Y,24,29,40
Y,25,29,41
Y,26,30,42
Y,26,31,43
Y,27,31,44
Y,27,32,45
Y,28,33,46
Y,29,34,47
Y,29,34,48
Y,30,35,49
Y,30,36,50
Y,31,36,51
Y,32,37,52
Y,32,38,53
Y,33,39,54
Y,33,39,55
Y,34,40,56
Y,35,41,57
Y,35,41,58
Y,36,42,59
Y,36,43,60
Y,37,43,61
Y,38,44,62
Y,38,45,63
Y,39,46,64
Y,39,46,65
Y,40,47,66
Y,41,48,67
Y,41,48,68
Y,42,49,69
Y,42,50,70
Y,43,51,71
Y,43,51,72
Y,43,52,73
Y,44,53,74
Y,44,53,75
Y,45,54,76
Y,46,55,77
Y,46,55,78
Y,47,56,79
Y,47,57,80
Y,48,57,81
Y,49,58,82
Y,49,59,83
Y,50,60,84
Y,50,60,85
Y,51,61,86
Y,52,62,87
Y,52,62,88
Y,53,63,89
Y,53,64,90
Y,54,65,91
Y,55,65,92
Y,55,66,93
Y,56,67,94
Y,56,67,95
Y,57,68,96
Y,58,69,97
Y,58,69,98
Y,59,70,99
Z,3,4,5
Z,4,5,6
Z,5,5,7
Z,5,6,8
Z,6,7,9
Z,6,7,10
Z,7,8,11
Z,7,9,12
Z,7,10,13
Z,8,10,14
Z,8,11,15
Z,9,12,16
Z,9,12,17
Z,10,13,18
Z,11,14,19
Z,11,14,20
Z,11,15,21
Z,12,16,22
Z,12,17,23
Z,13,17,24
Z,14,18,25
Z,14,19,26
Z,15,19,27
Z,15,20,28
Z,16,21,29
Z,16,22,30
Z,17,22,31
Z,18,23,32
Z,18,24,33
Z,19,24,34
Z,19,25,35
Z,20,26,36
Z,20,26,37
Z,21,27,38
Z,22,28,39
Z,21,29,40
Z,22,29,41
Z,22,30,42
Z,23,31,43
Z,23,31,44
Z,24,32,45
Z,25,33,46
Z,25,33,47
Z,26,34,48
Z,26,35,49
Z,27,36,50
Z,27,36,51
Z,28,37,52
Z,29,38,53
Z,29,38,54
Z,30,39,55
Z,30,40,56
Z,31,41,57
Z,31,41,58
Z,32,42,59
Z,33,43,60
Z,32,43,61
Z,33,44,62
Z,33,45,63
Z,34,45,64
Z,34,46,65
Z,35,47,66
Z,35,48,67
Z,36,48,68
Z,37,49,69
Z,37,50,70
Z,38,50,71
Z,38,51,72
Z,39,52,73
Z,39,53,74
Z,40,53,75
Z,41,54,76
Z,41,55,77
Z,42,55,78
Z,42,56,79
Z,43,57,80
Z,42,57,81
Z,43,58,82
Z,44,59,83
Z,44,60,84
Z,45,60,85
Z,45,61,86
Z,46,62,87
Z,46,62,88
Z,47,63,89
Z,48,64,90
Z,48,64,91
Z,49,65,92
Z,49,66,93
Z,50,67,94
Z,50,67,95
Z,51,68,96
Z,52,69,97
Z,52,69,98
Z,53,70,99
a,3,3,5
a,3,4,6
a,4,4,7
a,4,5,8
a,5,5,9
a,5,6,10
a,6,6,11
a,6,7,12
a,7,7,13
a,7,9,14
a,8,9,15
a,8,10,16
a,8,10,17
a,9,11,18
a,8,12,19
a,9,12,20
a,10,12,21
a,10,13,22
a,11,13,23
a,11,14,24
a,12,14,25
a,11,15,26
a,12,15,27
a,12,16,28
a,12,16,29
a,13,17,30
a,13,17,31
a,14,18,32
a,14,18,33
a,15,19,34
a,15,19,35
a,16,20,36
a,16,21,37
a,16,21,38
a,17,22,39
a,17,22,40
a,18,23,41
a,18,23,42
a,19,24,43
a,19,24,44
a,20,25,45
a,20,25,46
a,20,26,47
a,21,26,48
a,21,27,49
a,22,27,50
a,22,28,51
a,23,28,52
a,23,29,53
a,24,29,54
a,23,30,55
a,24,30,56
a,24,31,57
a,24,31,58
a,25,32,59
a,25,32,60
a,26,33,61
a,26,33,62
a,27,34,63
a,27,34,64
a,28,35,65
a,28,36,66
a,28,36,67
a,29,37,68
a,29,37,69
a,30,38,70
a,30,38,71
a,31,39,72
a,31,39,73
a,32,40,74
a,32,40,75
a,33,41,76
a,33,41,77
a,33,42,78
a,34,42,79
a,34,43,80
a,35,43,81
a,35,44,82
a,35,44,83
a,35,45,84
a,36,45,85
a,36,46,86
a,36,46,87
a,37,47,88
a,37,47,89
a,38,48,90
a,38,48,91
a,39,49,92
a,39,50,93
a,40,50,94
a,40,51,95
a,41,51,96
a,41,52,97
a,41,52,98
a,42,53,99
b,3,4,5
b,4,5,6
b,4,6,7
b,5,6,8
b,5,7,9
b,6,8,10
b,6,8,11
b,6,9,12
b,7,10,13
b,7,12,14
b,8,12,15
b,8,13,16
b,9,14,17
b,9,15,18
b,10,15,19
b,10,15,20
b,10,16,21
b,11,17,22
b,11,18,23
b,12,18,24
b,12,19,25
b,13,20,26
b,14,20,27
b,14,21,28
b,15,22,29
b,15,23,30
b,16,23,31
b,15,24,32
b,16,25,33
b,16,25,34
b,17,26,35
b,17,27,36
b,18,27,37
b,18,28,38
b,19,29,39
b,19,30,40
b,20,30,41
b,20,31,42
b,21,32,43
b,21,32,44
b,22,33,45
b,22,34,46
b,23,34,47
b,23,35,48
b,23,36,49
b,24,37,50
b,24,37,51
b,25,38,52
b,25,39,53
b,26,39,54
b,26,40,55
b,27,41,56
b,27,42,57
b,28,42,58
b,28,43,59
b,29,44,60
b,29,44,61
b,30,45,62
b,30,46,63
b,31,46,64
b,31,47,65
b,31,48,66
b,31,49,67
b,32,49,68
b,32,50,69
b,33,51,70
b,34,51,71
b,34,52,72
b,35,53,73
b,35,54,74
b,36,54,75
b,36,55,76
b,37,56,77
b,37,56,78
b,38,57,79
b,38,58,80
b,39,58,81
b,38,59,82
b,39,60,83
b,39,61,84
b,40,61,85
b,40,62,86
b,41,63,87
b,41,63,88
b,42,64,89
b,42,65,90
b,43,65,91
b,44,66,92
b,44,67,93
b,45,68,94
b,45,68,95
b,46,69,96
b,46,70,97
b,47,70,98
b,46,71,99
c,3,3,5
c,3,4,6
c,4,4,7
c,4,5,8
c,5,5,9
c,6,6,10
c,6,6,11
c,7,7,12
c,7,7,13
c,8,9,14
c,8,9,15
c,9,10,16
c,8,10,17
c,9,11,18
c,9,12,19
c,10,12,20
c,10,12,21
c,11,13,22
c,11,13,23
c,12,14,24
c,12,14,25
c,13,15,26
c,13,15,27
c,14,16,28
c,13,16,29
c,14,17,30
c,14,17,31
c,15,18,32
c,15,18,33
c,16,19,34
c,16,19,35
c,17,20,36
c,17,21,37
c,18,21,38
c,18,22,39
c,18,22,40
c,19,23,41
c,19,23,42
c,20,24,43
c,20,24,44
c,21,25,45
c,21,25,46
c,22,26,47
c,22,26,48
c,23,27,49
c,23,27,50
c,24,28,51
c,24,28,52
c,25,29,53
c,25,29,54
c,26,30,55
c,26,30,56
c,27,31,57
c,27,31,58
c,28,32,59
c,28,32,60
c,29,33,61
c,28,33,62
c,28,34,63
c,29,34,64
c,29,35,65
c,30,36,66
c,30,36,67
c,31,37,68
c,31,37,69
c,32,38,70
c,32,38,71
c,33,39,72
c,33,39,73
c,34,40,74
c,34,40,75
c,35,41,76
c,35,41,77
c,36,42,78
c,36,42,79
c,37,43,80
c,37,43,81
c,38,44,82
c,38,44,83
c,39,45,84
c,39,45,85
c,39,46,86
c,40,46,87
c,40,47,88
c,41,47,89
c,41,48,90
c,42,48,91
c,42,49,92
c,43,50,93
c,43,50,94
c,43,51,95
c,43,51,96
c,44,52,97
c,44,52,98
c,45,53,99
d,3,4,5
d,4,5,6
d,4,6,7
d,5,6,8
d,5,7,9
d,6,8,10
d,6,8,11
d,7,9,12
d,7,10,13
d,8,12,14
d,8,12,15
d,9,13,16
d,8,14,17
d,9,15,18
d,9,15,19
d,10,15,20
d,11,16,21
d,11,17,22
d,12,18,23
d,12,18,24
d,13,19,25
d,13,20,26
d,14,20,27
d,14,21,28
d,14,22,29
d,14,23,30
d,15,23,31
d,15,24,32
d,16,25,33
d,16,25,34
d,17,26,35
d,17,27,36
d,18,27,37
d,18,28,38
d,19,29,39
d,19,30,40
d,20,30,41
d,20,31,42
d,21,32,43
d,21,32,44
d,22,33,45
d,22,34,46
d,23,34,47
d,23,35,48
d,24,36,49
d,24,37,50
d,25,37,51
d,25,38,52
d,26,39,53
d,26,39,54
d,27,40,55
d,27,41,56
d,28,42,57
d,28,42,58
d,29,43,59
d,29,44,60
d,30,44,61
d,29,45,62
d,30,46,63
d,30,46,64
d,30,47,65
d,31,48,66
d,31,49,67
d,32,49,68
d,32,50,69
d,33,51,70
d,33,51,71
d,34,52,72
d,34,53,73
d,35,54,74
d,35,54,75
d,36,55,76
d,36,56,77
d,37,56,78
d,37,57,79
d,38,58,80
d,38,58,81
d,39,59,82
d,39,60,83
d,40,61,84
d,40,61,85
d,41,62,86
d,41,63,87
d,42,63,88
d,42,64,89
d,43,65,90
d,43,65,91
d,44,66,92
d,44,67,93
d,45,68,94
d,44,68,95
d,45,69,96
d,45,70,97
d,46,70,98
d,46,71,99
e,3,3,5
e,3,4,6
e,4,4,7
e,5,5,8
e,5,5,9
e,6,6,10
e,6,6,11
e,7,7,12
e,7,7,13
e,8,9,14
e,8,9,15
e,9,10,16
e,8,10,17
e,9,11,18
e,9,12,19
e,10,12,20
e,10,12,21
e,11,13,22
e,11,13,23
e,12,14,24
e,12,14,25
e,13,15,26
e,13,15,27
e,14,16,28
e,13,16,29
e,14,17,30
e,14,17,31
e,15,18,32
e,15,18,33
e,16,19,34
e,16,19,35
e,17,20,36
e,17,21,37
e,18,21,38
e,18,22,39
e,19,22,40
e,19,23,41
e,20,23,42
e,20,24,43
e,21,24,44
e,21,25,45
e,22,25,46
e,22,26,47
e,23,26,48
e,23,27,49
e,23,27,50
e,24,28,51
e,24,28,52
e,25,29,53
e,25,29,54
e,26,30,55
e,26,30,56
e,27,31,57
e,27,31,58
e,28,32,59
e,28,32,60
e,29,33,61
e,28,33,62
e,29,34,63
e,29,34,64
e,30,35,65
e,30,36,66
e,31,36,67
e,31,37,68
e,32,37,69
e,32,38,70
e,33,38,71
e,33,39,72
e,34,39,73
e,34,40,74
e,35,40,75
e,35,41,76
e,35,41,77
e,36,42,78
e,36,42,79
e,37,43,80
e,37,43,81
e,38,44,82
e,38,44,83
e,39,45,84
e,39,45,85
e,40,46,86
e,40,46,87
e,41,47,88
e,41,47,89
e,42,48,90
e,42,48,91
e,43,49,92
e,43,50,93
e,44,50,94
e,43,51,95
e,44,51,96
e,44,52,97
e,45,52,98
e,45,53,99
f,2,4,5
f,2,5,6
f,3,6,7
f,3,6,8
f,3,7,9
f,4,8,10
f,4,9,11
f,4,9,12
f,5,10,13
f,5,11,14
f,5,11,15
f,6,12,16
f,6,13,17
f,6,14,18
f,7,14,19
f,6,15,20
f,6,15,21
f,6,16,22
f,7,17,23
f,7,18,24
f,7,18,25
f,7,19,26
f,8,20,27
f,8,20,28
f,8,21,29
f,9,22,30
f,9,23,31
f,9,23,32
f,9,24,33
f,10,25,34
f,10,25,35
f,10,26,36
f,10,27,37
f,11,28,38
f,11,28,39
f,11,29,40
f,12,30,41
f,12,30,42
f,12,31,43
f,12,32,44
f,13,33,45
f,13,33,46
f,13,34,47
f,14,35,48
f,14,35,49
f,14,36,50
f,14,37,51
f,15,38,52
f,15,38,53
f,15,39,54
f,15,40,55
f,16,40,56
f,16,41,57
f,16,42,58
f,17,43,59
f,17,43,60
f,17,44,61
f,17,45,62
f,18,45,63
f,18,46,64
f,18,47,65
f,18,48,66
f,19,48,67
f,19,49,68
f,19,50,69
f,20,50,70
f,20,51,71
f,20,52,72
f,20,53,73
f,21,53,74
f,20,54,75
f,20,55,76
f,20,55,77
f,21,56,78
f,21,57,79
f,21,58,80
f,22,58,81
f,22,59,82
f,22,60,83
f,22,60,84
f,23,61,85
f,23,62,86
f,23,63,87
f,23,63,88
f,24,64,89
f,24,65,90
f,24,65,91
f,25,66,92
f,25,67,93
f,25,68,94
f,25,68,95
f,26,69,96
f,26,70,97
f,26,70,98
f,26,71,99
g,3,4,5
g,4,5,6
g,4,6,7
g,5,7,8
g,5,7,9
g,6,8,10
g,6,8,11
g,7,10,12
g,7,10,13
g,8,11,14
g,8,11,15
g,9,12,16
g,8,13,17
g,9,14,18
g,9,15,19
g,10,15,20
g,11,15,21
g,11,16,22
g,12,17,23
g,12,18,24
g,13,18,25
g,13,19,26
g,14,19,27
g,14,20,28
g,14,21,29
g,14,22,30
g,15,22,31
g,15,23,32
g,16,23,33
g,16,25,34
g,17,25,35
g,17,26,36
g,18,27,37
g,18,27,38
g,19,28,39
g,19,29,40
g,20,30,41
g,20,30,42
g,21,31,43
g,21,31,44
g,22,33,45
g,22,33,46
g,23,34,47
g,23,34,48
g,24,35,49
g,24,35,50
g,25,37,51
g,25,37,52
g,26,38,53
g,26,38,54
g,27,39,55
g,27,39,56
g,28,41,57
g,28,41,58
g,29,42,59
g,29,42,60
g,30,43,61
g,29,44,62
g,30,45,63
g,30,45,64
g,30,46,65
g,31,47,66
g,31,47,67
g,32,49,68
g,32,49,69
g,33,50,70
g,33,50,71
g,34,51,72
g,34,52,73
g,35,53,74
g,35,53,75
g,36,54,76
g,36,54,77
g,37,55,78
g,37,56,79
g,38,57,80
g,38,57,81
g,39,58,82
g,39,58,83
g,40,60,84
g,40,60,85
g,41,61,86
g,41,61,87
g,42,62,88
g,42,62,89
g,43,64,90
g,43,64,91
g,44,65,92
g,44,66,93
g,45,66,94
g,44,68,95
g,45,68,96
g,45,69,97
g,46,69,98
g,46,70,99
h,3,4,5
h,3,5,6
h,4,6,7
h,4,6,8
h,5,7,9
h,6,8,10
h,5,8,11
h,6,9,12
h,6,10,13
h,7,11,14
h,7,11,15
h,8,12,16
h,8,13,17
h,9,14,18
h,9,14,19
h,9,14,20
h,10,15,21
h,10,16,22
h,11,17,23
h,11,17,24
h,12,18,25
h,12,19,26
h,13,19,27
h,13,20,28
h,13,21,29
h,14,22,30
h,14,22,31
h,14,23,32
h,14,24,33
h,15,24,34
h,15,25,35
h,16,26,36
h,16,26,37
h,17,27,38
h,17,28,39
h,18,29,40
h,18,29,41
h,19,30,42
h,19,31,43
h,20,31,44
h,20,32,45
h,21,33,46
h,21,33,47
h,22,34,48
h,21,35,49
h,22,36,50
h,22,36,51
h,23,37,52
h,23,38,53
h,24,38,54
h,24,39,55
h,25,40,56
h,25,41,57
h,26,41,58
h,26,42,59
h,27,43,60
h,27,43,61
h,28,44,62
h,28,45,63
h,29,45,64
h,29,46,65
h,28,47,66
h,29,48,67
h,29,48,68
h,30,49,69
h,30,50,70
h,31,50,71
h,31,51,72
h,32,52,73
h,32,53,74
h,33,53,75
h,33,54,76
h,34,55,77
h,34,55,78
h,35,56,79
h,35,57,80
h,36,57,81
h,35,58,82
h,36,59,83
h,36,60,84
h,37,60,85
h,37,61,86
h,38,62,87
h,38,62,88
h,39,63,89
h,39,64,90
h,40,64,91
h,40,65,92
h,41,66,93
h,41,67,94
h,42,67,95
h,42,68,96
h,43,69,97
h,43,69,98
h,43,70,99
i,1,4,5
i,1,5,6
i,2,6,7
i,2,6,8
i,2,7,9
i,2,8,10
i,2,9,11
i,3,9,12
i,3,10,13
i,2,11,14
i,2,12,15
i,2,12,16
i,2,13,17
i,3,14,18
i,3,15,19
i,2,14,20
i,3,15,21
i,3,16,22
i,3,16,23
i,3,17,24
i,3,18,25
i,3,19,26
i,4,19,27
i,4,20,28
i,4,21,29
i,4,21,30
i,4,22,31
i,4,23,32
i,5,23,33
i,5,24,34
i,5,25,35
i,5,26,36
i,5,26,37
i,4,27,38
i,4,28,39
i,5,28,40
i,5,29,41
i,5,30,42
i,5,30,43
i,5,31,44
i,5,32,45
i,6,33,46
i,6,33,47
i,6,34,48
i,6,35,49
i,6,35,50
i,6,36,51
i,6,37,52
i,7,37,53
i,7,38,54
i,7,39,55
i,7,40,56
i,7,40,57
i,6,41,58
i,7,42,59
i,7,42,60
i,7,43,61
i,7,44,62
i,7,44,63
i,7,45,64
i,8,46,65
i,8,47,66
i,8,47,67
i,8,48,68
i,8,49,69
i,8,49,70
i,8,50,71
i,9,51,72
i,9,51,73
i,9,52,74
i,9,53,75
i,9,54,76
i,9,54,77
i,9,55,78
i,9,56,79
i,9,56,80
i,9,57,81
i,9,58,82
i,9,58,83
i,9,59,84
i,10,60,85
i,10,61,86
i,10,61,87
i,10,62,88
i,10,63,89
i,10,63,90
i,11,64,91
i,11,65,92
i,11,65,93
i,11,66,94
i,11,67,95
i,11,68,96
i,12,68,97
i,11,69,98
i,11,70,99
j,1,5,5
j,1,6,6
j,2,8,7
j,2,8,8
j,3,9,9
j,2,10,10
j,2,11,11
j,4,12,12
j,4,13,13
j,4,14,14
j,4,15,15
j,4,15,16
j,4,16,17
j,5,18,18
j,5,19,19
j,4,18,20
j,5,19,21
j,5,20,22
j,5,20,23
j,5,21,24
j,5,23,25
j,5,24,26
j,6,24,27
j,6,25,28
j,6,26,29
j,6,27,30
j,6,28,31
j,6,29,32
j,6,29,33
j,7,30,34
j,7,31,35
j,7,33,36
j,7,33,37
j,7,34,38
j,7,35,39
j,9,35,40
j,9,36,41
j,9,38,42
j,9,38,43
j,9,39,44
j,9,40,45
j,10,41,46
j,10,41,47
j,10,43,48
j,10,44,49
j,10,44,50
j,10,45,51
j,10,46,52
j,11,46,53
j,11,48,54
j,11,49,55
j,11,50,56
j,11,50,57
j,11,51,58
j,12,52,59
j,12,53,60
j,12,54,61
j,12,55,62
j,12,55,63
j,12,56,64
j,12,58,65
j,13,59,66
j,13,59,67
j,13,60,68
j,13,61,69
j,13,61,70
j,13,63,71
j,14,64,72
j,14,64,73
j,15,65,74
j,15,66,75
j,15,67,76
j,15,68,77
j,15,69,78
j,16,70,79
j,16,70,80
j,16,71,81
j,16,72,82
j,16,73,83
j,16,74,84
j,17,75,85
j,17,76,86
j,17,76,87
j,17,77,88
j,17,79,89
j,17,79,90
j,18,80,91
j,18,81,92
j,18,81,93
j,18,82,94
j,18,84,95
j,18,85,96
j,18,85,97
j,19,86,98
j,19,87,99
k,3,4,5
k,4,5,6
k,4,6,7
k,5,6,8
k,5,7,9
k,6,8,10
k,5,8,11
k,6,9,12
k,6,10,13
k,7,11,14
k,7,11,15
k,8,12,16
k,8,13,17
k,9,14,18
k,9,14,19
k,9,14,20
k,9,15,21
k,10,16,22
k,10,17,23
k,11,17,24
k,11,18,25
k,12,19,26
k,12,19,27
k,13,20,28
k,13,21,29
k,14,22,30
k,13,22,31
k,14,23,32
k,14,24,33
k,15,24,34
k,15,25,35
k,16,26,36
k,16,26,37
k,17,27,38
k,17,28,39
k,18,29,40
k,18,29,41
k,19,30,42
k,19,31,43
k,20,31,44
k,20,32,45
k,21,33,46
k,20,33,47
k,20,34,48
k,21,35,49
k,21,36,50
k,22,36,51
k,22,37,52
k,23,38,53
k,23,38,54
k,24,39,55
k,24,40,56
k,25,41,57
k,25,41,58
k,26,42,59
k,26,43,60
k,27,43,61
k,27,44,62
k,27,45,63
k,27,45,64
k,28,46,65
k,28,47,66
k,29,48,67
k,29,48,68
k,30,49,69
k,30,50,70
k,31,50,71
k,31,51,72
k,32,52,73
k,32,53,74
k,32,53,75
k,33,54,76
k,33,55,77
k,34,55,78
k,33,56,79
k,34,57,80
k,34,57,81
k,35,58,82
k,35,59,83
k,36,60,84
k,36,60,85
k,37,61,86
k,37,62,87
k,38,62,88
k,38,63,89
k,39,64,90
k,39,64,91
k,40,65,92
k,40,66,93
k,41,67,94
k,40,67,95
k,41,68,96
k,41,69,97
k,42,69,98
k,42,70,99
l,1,4,5
l,1,5,6
l,2,6,7
l,2,6,8
l,2,7,9
l,2,8,10
l,1,8,11
l,1,9,12
l,2,10,13
l,2,11,14
l,2,11,15
l,2,12,16
l,2,13,17
l,2,14,18
l,3,14,19
l,2,14,20
l,2,15,21
l,3,16,22
l,3,17,23
l,3,17,24
l,3,18,25
l,3,19,26
l,3,19,27
l,3,20,28
l,4,21,29
l,4,22,30
l,4,22,31
l,3,23,32
l,3,24,33
l,3,24,34
l,3,25,35
l,4,26,36
l,4,26,37
l,4,27,38
l,4,28,39
l,4,29,40
l,4,29,41
l,4,30,42
l,5,31,43
l,5,31,44
l,5,32,45
l,5,33,46
l,5,33,47
l,5,34,48
l,4,35,49
l,5,36,50
l,5,36,51
l,5,37,52
l,5,38,53
l,5,38,54
l,5,39,55
l,5,40,56
l,6,41,57
l,6,41,58
l,6,42,59
l,6,43,60
l,6,43,61
l,6,44,62
l,6,45,63
l,7,45,64
l,7,46,65
l,6,47,66
l,6,48,67
l,6,48,68
l,6,49,69
l,6,50,70
l,7,50,71
l,7,51,72
l,7,52,73
l,7,53,74
l,7,53,75
l,7,54,76
l,8,55,77
l,8,55,78
l,8,56,79
l,8,57,80
l,8,57,81
l,7,58,82
l,7,59,83
l,8,60,84
l,8,60,85
l,8,61,86
l,8,62,87
l,8,62,88
l,8,63,89
l,8,64,90
l,9,64,91
l,9,65,92
l,9,66,93
l,9,67,94
l,9,67,95
l,9,68,96
l,9,69,97
l,10,69,98
l,9,70,99
m,4,3,5
m,5,4,6
m,6,4,7
m,7,5,8
m,8,5,9
m,8,6,10
m,9,6,11
m,9,7,12
m,10,7,13
m,11,8,14
m,11,8,15
m,12,9,16
m,13,9,17
m,14,10,18
m,14,11,19
m,14,11,20
m,15,11,21
m,16,12,22
m,17,12,23
m,17,13,24
m,18,13,25
m,19,14,26
m,20,14,27
m,20,15,28
m,21,15,29
m,22,16,30
m,23,16,31
m,23,17,32
m,24,17,33
m,24,18,34
m,25,18,35
m,25,19,36
m,26,20,37
m,27,20,38
m,28,21,39
m,28,21,40
m,29,22,41
m,30,22,42
m,31,23,43
m,31,23,44
m,32,24,45
m,33,24,46
m,34,25,47
m,34,25,48
m,35,26,49
m,36,26,50
m,37,27,51
m,37,27,52
m,37,28,53
m,38,28,54
m,39,29,55
m,39,29,56
m,40,30,57
m,41,30,58
m,42,31,59
m,42,31,60
m,43,32,61
m,44,32,62
m,45,33,63
m,45,33,64
m,46,34,65
m,47,35,66
m,48,35,67
m,48,36,68
m,49,36,69
m,50,37,70
m,50,37,71
m,50,38,72
m,51,38,73
m,52,39,74
m,53,39,75
m,53,40,76
m,54,40,77
m,55,41,78
m,56,41,79
m,56,42,80
m,57,42,81
m,58,43,82
m,59,43,83
m,59,44,84
m,60,44,85
m,61,45,86
m,62,45,87
m,62,46,88
m,62,46,89
m,63,47,90
m,64,47,91
m,64,48,92
m,65,49,93
m,66,49,94
m,67,50,95
m,67,50,96
m,68,51,97
m,69,51,98
m,70,52,99
n,3,3,5
n,3,4,6
n,4,4,7
n,4,5,8
n,5,5,9
n,5,6,10
n,6,6,11
n,5,7,12
n,6,7,13
n,7,8,14
n,7,8,15
n,8,9,16
n,8,9,17
n,9,10,18
n,9,11,19
n,9,11,20
n,9,11,21
n,10,12,22
n,10,12,23
n,11,13,24
n,11,13,25
n,12,14,26
n,12,14,27
n,13,15,28
n,13,15,29
n,14,16,30
n,14,16,31
n,15,17,32
n,15,17,33
n,14,18,34
n,15,18,35
n,15,19,36
n,16,20,37
n,16,20,38
n,17,21,39
n,17,21,40
n,18,22,41
n,18,22,42
n,19,23,43
n,19,23,44
n,20,24,45
n,20,24,46
n,21,25,47
n,21,25,48
n,22,26,49
n,22,26,50
n,23,27,51
n,23,27,52
n,23,28,53
n,23,28,54
n,23,29,55
n,24,29,56
n,24,30,57
n,25,30,58
n,25,31,59
n,26,31,60
n,26,32,61
n,27,32,62
n,27,33,63
n,28,33,64
n,28,34,65
n,29,35,66
n,29,35,67
n,30,36,68
n,30,36,69
n,31,37,70
n,30,37,71
n,31,38,72
n,31,38,73
n,31,39,74
n,32,39,75
n,32,40,76
n,33,40,77
n,33,41,78
n,34,41,79
n,34,42,80
n,35,42,81
n,35,43,82
n,36,43,83
n,36,44,84
n,37,44,85
n,37,45,86
n,38,45,87
n,38,46,88
n,38,46,89
n,38,47,90
n,39,47,91
n,39,48,92
n,39,49,93
n,40,49,94
n,40,50,95
n,41,50,96
n,41,51,97
n,42,51,98
n,42,52,99
o,3,3,5
o,4,4,6
o,4,4,7
o,5,5,8
o,5,5,9
o,6,6,10
o,6,6,11
o,7,7,12
o,7,7,13
o,8,9,14
o,8,9,15
o,9,10,16
o,9,10,17
o,9,11,18
o,10,12,19
o,10,12,20
o,11,12,21
o,11,13,22
o,12,13,23
o,12,14,24
o,13,14,25
o,13,15,26
o,14,15,27
o,14,16,28
o,14,16,29
o,14,17,30
o,15,17,31
o,15,18,32
o,16,18,33
o,16,19,34
o,17,19,35
o,17,20,36
o,18,21,37
o,18,21,38
o,19,22,39
o,19,22,40
o,20,23,41
o,20,23,42
o,21,24,43
o,21,24,44
o,22,25,45
o,22,25,46
o,23,26,47
o,23,26,48
o,24,27,49
o,24,27,50
o,25,28,51
o,25,28,52
o,26,29,53
o,26,29,54
o,27,30,55
o,27,30,56
o,28,31,57
o,28,31,58
o,29,32,59
o,29,32,60
o,30,33,61
o,29,33,62
o,30,34,63
o,30,34,64
o,31,35,65
o,31,36,66
o,32,36,67
o,32,37,68
o,33,37,69
o,33,38,70
o,34,38,71
o,34,39,72
o,35,39,73
o,35,40,74
o,36,40,75
o,36,41,76
o,37,41,77
o,37,42,78
o,38,42,79
o,38,43,80
o,39,43,81
o,39,44,82
o,40,44,83
o,40,45,84
o,41,45,85
o,41,46,86
o,42,46,87
o,42,47,88
o,43,47,89
o,43,48,90
o,44,48,91
o,44,49,92
o,45,50,93
o,45,50,94
o,45,51,95
o,45,51,96
o,46,52,97
o,46,52,98
o,47,53,99
p,3,4,5
p,4,5,6
p,4,6,7
p,5,7,8
p,5,7,9
p,6,8,10
p,6,8,11
p,6,9,12
p,7,10,13
p,7,11,14
p,8,11,15
p,8,12,16
p,9,12,17
p,9,14,18
p,10,15,19
p,10,15,20
p,10,15,21
p,11,16,22
p,11,16,23
p,12,17,24
p,12,18,25
p,13,19,26
p,13,19,27
p,14,20,28
p,14,20,29
p,15,22,30
p,15,22,31
p,16,23,32
p,17,23,33
p,16,24,34
p,17,24,35
p,17,26,36
p,18,27,37
p,18,27,38
p,19,28,39
p,19,28,40
p,20,29,41
p,20,30,42
p,21,31,43
p,21,31,44
p,22,32,45
p,22,32,46
p,23,33,47
p,23,34,48
p,24,35,49
p,24,35,50
p,25,36,51
p,25,36,52
p,25,37,53
p,25,38,54
p,26,39,55
p,26,39,56
p,27,40,57
p,27,40,58
p,28,41,59
p,29,42,60
p,29,43,61
p,30,43,62
p,30,44,63
p,31,44,64
p,31,45,65
p,32,47,66
p,32,47,67
p,33,48,68
p,33,48,69
p,34,49,70
p,33,50,71
p,34,51,72
p,34,51,73
p,35,52,74
p,35,52,75
p,36,53,76
p,36,54,77
p,37,55,78
p,37,55,79
p,38,56,80
p,38,56,81
p,39,57,82
p,39,58,83
p,40,59,84
p,40,59,85
p,41,60,86
p,42,60,87
p,42,61,88
p,42,62,89
p,42,63,90
p,43,63,91
p,43,64,92
p,44,65,93
p,44,65,94
p,45,67,95
p,45,67,96
p,46,68,97
p,46,68,98
p,47,69,99
q,3,4,5
q,4,5,6
q,4,6,7
q,5,7,8
q,5,7,9
q,6,8,10
q,6,8,11
q,7,9,12
q,7,10,13
q,8,11,14
q,8,11,15
q,9,12,16
q,8,12,17
q,9,14,18
q,9,15,19
q,10,15,20
q,11,15,21
q,11,16,22
q,12,16,23
q,12,17,24
q,13,18,25
q,13,19,26
q,14,19,27
q,14,20,28
q,14,20,29
q,14,22,30
q,15,22,31
q,15,23,32
q,16,23,33
q,16,24,34
q,17,24,35
q,17,26,36
q,18,26,37
q,18,27,38
q,19,28,39
q,19,28,40
q,20,29,41
q,20,30,42
q,21,31,43
q,21,31,44
q,22,32,45
q,22,32,46
q,23,33,47
q,23,34,48
q,24,35,49
q,24,35,50
q,25,36,51
q,25,36,52
q,26,37,53
q,26,38,54
q,27,39,55
q,27,39,56
q,28,40,57
q,28,40,58
q,29,41,59
q,29,42,60
q,30,43,61
q,29,43,62
q,30,44,63
q,30,44,64
q,30,45,65
q,31,46,66
q,31,47,67
q,32,48,68
q,32,48,69
q,33,49,70
q,33,50,71
q,34,51,72
q,34,51,73
q,35,52,74
q,35,52,75
q,36,53,76
q,36,54,77
q,37,55,78
q,37,55,79
q,38,56,80
q,38,56,81
q,39,57,82
q,39,58,83
q,40,59,84
q,40,59,85
q,41,60,86
q,41,60,87
q,42,61,88
q,42,62,89
q,43,63,90
q,43,63,91
q,44,64,92
q,44,64,93
q,45,65,94
q,44,66,95
q,45,67,96
q,45,67,97
q,46,68,98
q,46,69,99
r,2,3,5
r,3,4,6
r,3,4,7
r,3,5,8
r,4,5,9
r,4,6,10
r,4,6,11
r,4,7,12
r,4,7,13
r,4,8,14
r,5,8,15
r,5,9,16
r,5,9,17
r,6,10,18
r,6,11,19
r,5,11,20
r,6,11,21
r,6,12,22
r,6,12,23
r,7,13,24
r,7,13,25
r,7,14,26
r,7,14,27
r,8,15,28
r,8,15,29
r,8,16,30
r,9,16,31
r,9,17,32
r,9,17,33
r,8,18,34
r,9,18,35
r,9,19,36
r,9,20,37
r,10,20,38
r,10,21,39
r,10,21,40
r,10,22,41
r,11,22,42
r,11,23,43
r,11,23,44
r,12,24,45
r,12,24,46
r,12,25,47
r,13,25,48
r,13,26,49
r,13,26,50
r,13,27,51
r,14,27,52
r,13,28,53
r,13,28,54
r,14,29,55
r,14,29,56
r,14,30,57
r,14,30,58
r,15,31,59
r,15,31,60
r,15,32,61
r,16,32,62
r,16,33,63
r,16,33,64
r,17,34,65
r,17,35,66
r,17,35,67
r,17,36,68
r,18,36,69
r,18,37,70
r,17,37,71
r,18,38,72
r,18,38,73
r,18,39,74
r,19,39,75
r,19,40,76
r,19,40,77
r,19,41,78
r,20,41,79
r,20,42,80
r,20,42,81
r,21,43,82
r,21,43,83
r,21,44,84
r,21,44,85
r,22,45,86
r,22,45,87
r,22,46,88
r,22,46,89
r,22,47,90
r,22,47,91
r,22,48,92
r,23,49,93
r,23,49,94
r,23,50,95
r,24,50,96
r,24,51,97
r,24,51,98
r,25,52,99
s,3,3,5
s,3,4,6
s,4,4,7
s,4,5,8
s,5,5,9
s,5,6,10
s,6,6,11
s,6,7,12
s,6,7,13
s,7,9,14
s,7,9,15
s,8,10,16
s,7,10,17
s,8,11,18
s,8,12,19
s,9,12,20
s,9,12,21
s,10,13,22
s,10,13,23
s,11,14,24
s,11,14,25
s,12,15,26
s,11,15,27
s,11,16,28
s,12,16,29
s,12,17,30
s,13,17,31
s,13,18,32
s,14,18,33
s,14,19,34
s,15,19,35
s,15,20,36
s,15,21,37
s,16,21,38
s,16,22,39
s,17,22,40
s,17,23,41
s,18,23,42
s,18,24,43
s,18,24,44
s,19,25,45
s,19,25,46
s,20,26,47
s,20,26,48
s,21,27,49
s,21,27,50
s,21,28,51
s,22,28,52
s,22,29,53
s,23,29,54
s,23,30,55
s,24,30,56
s,24,31,57
s,23,31,58
s,24,32,59
s,24,32,60
s,25,33,61
s,25,33,62
s,26,34,63
s,26,34,64
s,26,35,65
s,27,36,66
s,27,36,67
s,28,37,68
s,28,37,69
s,29,38,70
s,29,38,71
s,30,39,72
s,30,39,73
s,30,40,74
s,31,40,75
s,31,41,76
s,32,41,77
s,32,42,78
s,33,42,79
s,33,43,80
s,33,43,81
s,34,44,82
s,34,44,83
s,35,45,84
s,35,45,85
s,36,46,86
s,36,46,87
s,35,47,88
s,36,47,89
s,36,48,90
s,37,48,91
s,37,49,92
s,38,50,93
s,38,50,94
s,38,51,95
s,39,51,96
s,39,52,97
s,40,52,98
s,40,53,99
t,2,4,5
t,2,4,6
t,3,5,7
t,3,6,8
t,3,6,9
t,4,7,10
t,4,8,11
t,4,8,12
t,4,9,13
t,5,10,14
t,5,10,15
t,5,11,16
t,6,12,17
t,6,12,18
t,6,13,19
t,6,14,20
t,6,15,21
t,6,16,22
t,6,16,23
t,7,17,24
t,7,18,25
t,7,18,26
t,8,19,27
t,8,19,28
t,8,20,29
t,8,21,30
t,9,21,31
t,9,22,32
t,9,23,33
t,9,23,34
t,10,24,35
t,10,25,36
t,10,25,37
t,10,26,38
t,11,27,39
t,11,27,40
t,11,28,41
t,12,28,42
t,12,29,43
t,12,30,44
t,12,30,45
t,13,31,46
t,13,32,47
t,13,32,48
t,13,33,49
t,14,34,50
t,14,34,51
t,14,35,52
t,14,36,53
t,15,36,54
t,15,37,55
t,15,37,56
t,16,38,57
t,16,39,58
t,16,39,59
t,16,40,60
t,17,41,61
t,17,41,62
t,17,42,63
t,17,43,64
t,18,43,65
t,18,44,66
t,18,45,67
t,18,45,68
t,19,46,69
t,19,47,70
t,19,47,71
t,20,48,72
t,20,48,73
t,20,49,74
t,20,50,75
t,21,50,76
t,21,51,77
t,21,52,78
t,21,52,79
t,22,53,80
t,22,54,81
t,22,54,82
t,22,55,83
t,23,56,84
t,23,56,85
t,23,57,86
t,23,57,87
t,24,58,88
t,24,59,89
t,24,59,90
t,25,60,91
t,25,61,92
t,25,61,93
t,25,62,94
t,26,63,95
t,26,63,96
t,26,64,97
t,26,65,98
t,27,65,99
u,3,3,5
u,3,4,6
u,4,4,7
u,4,5,8
u,5,5,9
u,5,6,10
u,6,6,11
u,5,7,12
u,6,7,13
u,6,9,14
u,7,9,15
u,7,10,16
u,8,10,17
u,8,11,18
u,9,11,19
u,9,12,20
u,9,12,21
u,10,13,22
u,10,13,23
u,11,14,24
u,11,14,25
u,12,15,26
u,12,15,27
u,13,16,28
u,13,16,29
u,14,17,30
u,14,17,31
u,14,18,32
u,15,18,33
u,15,19,34
u,16,19,35
u,15,20,36
u,16,20,37
u,16,21,38
u,17,21,39
u,17,22,40
u,18,22,41
u,18,23,42
u,19,23,43
u,19,24,44
u,20,24,45
u,20,25,46
u,21,25,47
u,21,26,48
u,21,26,49
u,22,27,50
u,22,27,51
u,23,28,52
u,23,28,53
u,24,29,54
u,23,29,55
u,24,30,56
u,24,30,57
u,25,31,58
u,25,31,59
u,26,32,60
u,26,32,61
u,27,33,62
u,27,33,63
u,28,34,64
u,28,34,65
u,29,35,66
u,29,35,67
u,29,36,68
u,30,36,69
u,30,37,70
u,31,37,71
u,31,38,72
u,32,38,73
u,31,39,74
u,32,39,75
u,32,40,76
u,33,40,77
u,33,41,78
u,34,41,79
u,34,42,80
u,35,43,81
u,35,43,82
u,36,44,83
u,36,44,84
u,36,45,85
u,37,45,86
u,37,46,87
u,38,46,88
u,38,47,89
u,39,47,90
u,39,48,91
u,40,48,92
u,39,49,93
u,40,49,94
u,40,50,95
u,41,50,96
u,41,51,97
u,42,51,98
u,42,52,99
v,3,3,5
v,3,4,6
v,4,4,7
v,4,5,8
v,5,5,9
v,5,6,10
v,6,6,11
v,6,7,12
v,7,7,13
v,7,8,14
v,8,8,15
v,9,9,16
v,9,9,17
v,10,10,18
v,10,10,19
v,10,11,20
v,10,11,21
v,11,12,22
v,11,12,23
v,12,13,24
v,12,13,25
v,13,14,26
v,13,14,27
v,14,15,28
v,14,15,29
v,15,16,30
v,15,16,31
v,15,17,32
v,16,17,33
v,16,18,34
v,17,18,35
v,17,19,36
v,18,19,37
v,18,20,38
v,19,20,39
v,19,21,40
v,20,21,41
v,20,22,42
v,21,22,43
v,21,23,44
v,22,23,45
v,22,24,46
v,23,24,47
v,23,25,48
v,23,25,49
v,24,26,50
v,24,26,51
v,25,27,52
v,25,27,53
v,26,28,54
v,26,28,55
v,27,29,56
v,27,29,57
v,28,30,58
v,28,30,59
v,29,31,60
v,29,31,61
v,30,32,62
v,30,32,63
v,31,33,64
v,31,33,65
v,32,34,66
v,32,34,67
v,32,35,68
v,33,35,69
v,33,36,70
v,34,36,71
v,34,37,72
v,35,37,73
v,35,38,74
v,36,39,75
v,36,39,76
v,37,40,77
v,36,40,78
v,37,40,79
v,37,41,80
v,38,42,81
v,38,42,82
v,39,43,83
v,39,43,84
v,39,44,85
v,40,44,86
v,40,45,87
v,41,45,88
v,41,46,89
v,42,46,90
v,42,47,91
v,43,47,92
v,43,48,93
v,44,48,94
v,44,49,95
v,45,49,96
v,45,50,97
v,46,50,98
v,46,51,99
w,4,3,5
w,5,4,6
w,6,4,7
w,6,5,8
w,7,5,9
w,8,6,10
w,9,6,11
w,9,7,12
w,10,7,13
w,11,8,14
w,11,8,15
w,12,9,16
w,13,9,17
w,14,10,18
w,14,10,19
w,14,11,20
w,15,11,21
w,16,12,22
w,17,12,23
w,17,13,24
w,18,13,25
w,19,14,26
w,19,14,27
w,20,15,28
w,21,15,29
w,21,16,30
w,22,16,31
w,23,17,32
w,24,17,33
w,24,18,34
w,25,18,35
w,26,19,36
w,26,19,37
w,27,20,38
w,28,20,39
w,28,21,40
w,29,21,41
w,30,22,42
w,31,22,43
w,31,23,44
w,32,23,45
w,33,24,46
w,33,24,47
w,34,25,48
w,35,25,49
w,35,26,50
w,36,26,51
w,37,27,52
w,38,27,53
w,38,28,54
w,39,28,55
w,40,29,56
w,40,29,57
w,41,30,58
w,42,30,59
w,42,31,60
w,43,31,61
w,44,32,62
w,45,32,63
w,44,33,64
w,45,33,65
w,46,34,66
w,46,34,67
w,47,35,68
w,48,36,69
w,48,36,70
w,49,36,71
w,50,37,72
w,51,37,73
w,51,38,74
w,52,38,75
w,53,39,76
w,53,39,77
w,54,40,78
w,55,41,79
w,55,41,80
w,56,42,81
w,57,42,82
w,58,43,83
w,58,43,84
w,59,44,85
w,60,44,86
w,60,45,87
w,61,45,88
w,62,46,89
w,62,46,90
w,63,47,91
w,64,47,92
w,65,48,93
w,65,48,94
w,66,49,95
w,67,49,96
w,67,50,97
w,68,50,98
w,69,51,99
x,3,3,5
x,3,4,6
x,4,4,7
x,4,5,8
x,5,5,9
x,5,6,10
x,6,6,11
x,6,7,12
x,7,7,13
x,7,8,14
x,8,8,15
x,8,9,16
x,9,9,17
x,9,10,18
x,10,10,19
x,9,11,20
x,10,11,21
x,10,12,22
x,11,12,23
x,11,13,24
x,12,13,25
x,12,14,26
x,13,14,27
x,13,15,28
x,14,15,29
x,14,16,30
x,14,16,31
x,15,17,32
x,15,17,33
x,16,18,34
x,16,18,35
x,17,19,36
x,17,19,37
x,18,20,38
x,18,20,39
x,18,21,40
x,19,21,41
x,19,22,42
x,20,22,43
x,20,23,44
x,21,23,45
x,21,24,46
x,22,24,47
x,22,25,48
x,23,25,49
x,23,26,50
x,23,26,51
x,24,27,52
x,24,27,53
x,25,28,54
x,25,28,55
x,25,29,56
x,25,29,57
x,26,30,58
x,26,30,59
x,27,31,60
x,27,31,61
x,27,32,62
x,28,32,63
x,28,33,64
x,29,33,65
x,29,34,66
x,30,34,67
x,30,35,68
x,31,35,69
x,31,36,70
x,32,37,71
x,32,37,72
x,32,38,73
x,33,38,74
x,33,39,75
x,34,39,76
x,34,39,77
x,35,40,78
x,35,41,79
x,36,41,80
x,36,42,81
x,36,42,82
x,37,43,83
x,37,43,84
x,38,44,85
x,38,44,86
x,39,45,87
x,39,45,88
x,40,46,89
x,40,46,90
x,41,47,91
x,41,47,92
x,41,48,93
x,42,48,94
x,42,49,95
x,43,49,96
x,43,50,97
x,44,50,98
x,44,51,99
y,3,4,5
y,3,5,6
y,4,6,7
y,4,7,8
y,5,7,9
y,5,8,10
y,6,8,11
y,6,10,12
y,7,10,13
y,8,11,14
y,8,11,15
y,9,12,16
y,9,13,17
y,10,14,18
y,10,14,19
y,10,15,20
y,10,15,21
y,11,16,22
y,11,16,23
y,12,17,24
y,12,18,25
y,13,19,26
y,13,19,27
y,14,20,28
y,14,20,29
y,15,22,30
y,15,22,31
y,16,23,32
y,16,23,33
y,17,24,34
y,17,24,35
y,17,26,36
y,18,26,37
y,18,27,38
y,19,27,39
y,19,28,40
y,20,28,41
y,20,30,42
y,21,30,43
y,21,31,44
y,22,31,45
y,22,32,46
y,23,32,47
y,23,34,48
y,24,34,49
y,24,35,50
y,25,35,51
y,25,36,52
y,26,36,53
y,26,38,54
y,26,38,55
y,27,39,56
y,27,39,57
y,28,40,58
y,28,40,59
y,29,42,60
y,29,42,61
y,30,43,62
y,30,43,63
y,31,44,64
y,31,44,65
y,32,46,66
y,32,46,67
y,33,47,68
y,33,47,69
y,34,48,70
y,34,49,71
y,35,50,72
y,35,51,73
y,35,51,74
y,35,51,75
y,35,52,76
y,36,53,77
y,36,54,78
y,37,54,79
y,37,55,80
y,38,56,81
y,38,56,82
y,39,58,83
y,39,58,84
y,40,59,85
y,40,59,86
y,41,60,87
y,41,60,88
y,42,62,89
y,42,62,90
y,43,63,91
y,43,63,92
y,44,64,93
y,44,64,94
y,44,66,95
y,45,66,96
y,45,67,97
y,46,67,98
y,46,68,99
z,3,3,5
z,3,4,6
z,4,4,7
z,4,5,8
z,5,5,9
z,5,6,10
z,6,6,11
z,6,7,12
z,7,7,13
z,6,8,14
z,6,8,15
z,7,9,16
z,7,9,17
z,8,10,18
z,8,10,19
z,8,11,20
z,8,11,21
z,9,12,22
z,9,12,23
z,10,13,24
z,10,13,25
z,10,14,26
z,11,14,27
z,11,15,28
z,12,15,29
z,12,16,30
z,12,16,31
z,13,17,32
z,13,17,33
z,14,18,34
z,14,18,35
z,15,19,36
z,15,19,37
z,15,20,38
z,16,20,39
z,16,21,40
z,17,21,41
z,17,22,42
z,17,22,43
z,17,23,44
z,17,23,45
z,18,24,46
z,18,24,47
z,19,25,48
z,19,25,49
z,20,26,50
z,20,26,51
z,20,27,52
z,21,27,53
z,21,28,54
z,22,28,55
z,22,29,56
z,23,29,57
z,23,30,58
z,23,30,59
z,24,31,60
z,24,31,61
z,25,32,62
z,25,32,63
z,25,33,64
z,25,33,65
z,25,34,66
z,26,34,67
z,26,35,68
z,27,35,69
z,27,36,70
z,27,36,71
z,28,37,72
z,28,37,73
z,29,38,74
z,29,38,75
z,30,39,76
z,30,39,77
z,30,40,78
z,31,40,79
z,31,41,80
z,32,42,81
z,32,42,82
z,33,43,83
z,33,43,84
z,33,44,85
z,34,44,86
z,34,45,87
z,34,45,88
z,34,46,89
z,34,46,90
z,35,47,91
z,35,47,92
z,36,48,93
z,36,48,94
z,37,49,95
z,37,49,96
z,37,50,97
z,38,50,98
z,38,51,99
0,3,4,5
0,4,5,6
0,4,5,7
0,5,7,8
0,5,8,9
0,6,9,10
0,7,9,11
0,7,10,12
0,8,11,13
0,7,11,14
0,8,12,15
0,8,13,16
0,9,14,17
0,10,14,18
0,10,15,19
0,11,16,20
0,11,16,21
0,12,17,22
0,12,18,23
0,13,19,24
0,13,19,25
0,14,20,26
0,15,21,27
0,15,21,28
0,16,22,29
0,16,23,30
0,17,24,31
0,17,24,32
0,18,25,33
0,18,26,34
0,19,26,35
0,20,27,36
0,20,28,37
0,21,29,38
0,21,29,39
0,22,30,40
0,22,31,41
0,23,31,42
0,23,32,43
0,23,33,44
0,24,34,45
0,24,34,46
0,25,35,47
0,25,36,48
0,26,36,49
0,26,37,50
0,27,38,51
0,28,39,52
0,28,39,53
0,29,40,54
0,29,41,55
0,30,41,56
0,30,42,57
0,31,43,58
0,32,44,59
0,32,44,60
0,33,45,61
0,33,46,62
0,34,47,63
0,34,47,64
0,34,48,65
0,34,49,66
0,35,49,67
0,36,50,68
0,36,51,69
0,37,52,70
0,37,52,71
0,38,53,72
0,38,54,73
0,39,54,74
0,40,55,75
0,40,56,76
0,41,57,77
0,41,57,78
0,42,58,79
0,42,59,80
0,43,59,81
0,43,60,82
0,44,61,83
0,45,62,84
0,45,62,85
0,46,63,86
0,46,64,87
0,46,64,88
0,46,65,89
0,47,66,90
0,48,67,91
0,48,67,92
0,49,68,93
0,49,69,94
0,50,69,95
0,50,71,96
0,51,72,97
0,51,73,98
0,52,73,99
1,2,4,5
1,2,5,6
1,3,5,7
1,3,6,8
1,3,7,9
1,4,7,10
1,4,8,11
1,4,9,12
1,5,10,13
1,4,10,14
1,4,11,15
1,5,12,16
1,5,12,17
1,5,13,18
1,6,14,19
1,6,14,20
1,6,15,21
1,6,16,22
1,7,17,23
1,7,17,24
1,7,18,25
1,8,19,26
1,8,19,27
1,8,20,28
1,9,21,29
1,9,22,30
1,9,22,31
1,10,23,32
1,10,24,33
1,10,24,34
1,11,25,35
1,11,26,36
1,11,26,37
1,12,27,38
1,12,28,39
1,11,29,40
1,12,29,41
1,12,30,42
1,12,31,43
1,13,31,44
1,13,32,45
1,13,33,46
1,13,33,47
1,14,34,48
1,14,35,49
1,14,36,50
1,15,36,51
1,15,37,52
1,15,38,53
1,16,38,54
1,16,39,55
1,16,40,56
1,17,41,57
1,17,41,58
1,17,42,59
1,17,43,60
1,18,43,61
1,17,44,62
1,18,45,63
1,18,45,64
1,18,46,65
1,19,47,66
1,19,48,67
1,19,48,68
1,20,49,69
1,20,50,70
1,20,50,71
1,21,51,72
1,21,52,73
1,21,53,74
1,22,53,75
1,22,54,76
1,22,55,77
1,22,55,78
1,23,56,79
1,23,57,80
1,22,57,81
1,23,58,82
1,23,59,83
1,23,60,84
1,24,60,85
1,24,61,86
1,24,62,87
1,25,62,88
1,25,63,89
1,25,64,90
1,26,64,91
1,26,65,92
1,26,66,93
1,27,67,94
1,27,67,95
1,27,68,96
1,28,69,97
1,28,69,98
1,28,70,99
2,3,4,5
2,4,5,6
2,4,5,7
2,5,6,8
2,5,7,9
2,6,8,10
2,6,8,11
2,6,9,12
2,6,10,13
2,7,10,14
2,7,11,15
2,8,12,16
2,8,13,17
2,9,13,18
2,10,14,19
2,10,15,20
2,10,15,21
2,11,16,22
2,11,17,23
2,12,18,24
2,12,18,25
2,13,19,26
2,13,20,27
2,14,20,28
2,15,21,29
2,15,22,30
2,16,23,31
2,16,23,32
2,17,24,33
2,17,25,34
2,18,25,35
2,17,26,36
2,18,27,37
2,18,28,38
2,19,28,39
2,19,29,40
2,20,30,41
2,20,30,42
2,21,31,43
2,21,32,44
2,22,33,45
2,22,33,46
2,23,34,47
2,23,35,48
2,24,35,49
2,24,36,50
2,25,37,51
2,26,38,52
2,26,38,53
2,27,39,54
2,26,40,55
2,27,40,56
2,27,41,57
2,28,42,58
2,28,43,59
2,29,43,60
2,29,44,61
2,30,45,62
2,30,46,63
2,31,46,64
2,31,47,65
2,32,48,66
2,32,48,67
2,33,49,68
2,33,50,69
2,34,51,70
2,34,51,71
2,35,52,72
2,36,53,73
2,35,53,74
2,36,54,75
2,36,55,76
2,37,56,77
2,37,56,78
2,38,57,79
2,38,58,80
2,39,58,81
2,39,59,82
2,40,60,83
2,40,61,84
2,41,61,85
2,41,62,86
2,42,63,87
2,42,63,88
2,43,64,89
2,43,65,90
2,44,66,91
2,44,66,92
2,44,67,93
2,44,68,94
2,45,68,95
2,46,69,96
2,46,70,97
2,47,71,98
2,47,71,99
3,3,4,5
3,4,5,6
3,4,5,7
3,5,6,8
3,5,7,9
3,6,8,10
3,7,9,11
3,7,10,12
3,7,11,13
3,7,11,14
3,8,12,15
3,8,13,16
3,9,14,17
3,10,14,18
3,10,15,19
3,10,16,20
3,11,16,21
3,11,17,22
3,12,18,23
3,12,19,24
3,13,19,25
3,13,20,26
3,14,21,27
3,14,21,28
3,15,22,29
3,16,23,30
3,16,24,31
3,17,24,32
3,17,25,33
3,18,26,34
3,18,26,35
3,19,27,36
3,19,28,37
3,20,29,38
3,20,29,39
3,21,30,40
3,21,31,41
3,21,31,42
3,22,32,43
3,22,33,44
3,23,34,45
3,23,34,46
3,24,35,47
3,24,36,48
3,25,36,49
3,25,37,50
3,26,38,51
3,26,39,52
3,27,39,53
3,27,40,54
3,28,41,55
3,29,41,56
3,29,42,57
3,30,43,58
3,30,44,59
3,31,44,60
3,31,45,61
3,32,46,62
3,32,47,63
3,32,47,64
3,32,48,65
3,33,49,66
3,33,49,67
3,34,50,68
3,35,51,69
3,35,52,70
3,36,52,71
3,36,53,72
3,37,54,73
3,37,54,74
3,38,55,75
3,38,56,76
3,39,57,77
3,39,57,78
3,40,58,79
3,40,59,80
3,41,59,81
3,42,60,82
3,42,61,83
3,43,62,84
3,43,62,85
3,44,63,86
3,43,64,87
3,44,64,88
3,44,65,89
3,45,66,90
3,45,67,91
3,46,67,92
3,47,68,93
3,47,69,94
3,48,69,95
3,48,71,96
3,49,72,97
3,49,73,98
3,50,73,99
4,3,4,5
4,4,5,6
4,4,5,7
4,5,6,8
4,6,7,9
4,6,7,10
4,7,8,11
4,7,9,12
4,8,10,13
4,9,10,14
4,9,11,15
4,9,12,16
4,9,12,17
4,10,13,18
4,11,14,19
4,12,14,20
4,12,15,21
4,13,16,22
4,13,17,23
4,13,17,24
4,14,18,25
4,14,19,26
4,15,19,27
4,16,20,28
4,16,21,29
4,17,22,30
4,17,22,31
4,18,23,32
4,18,24,33
4,19,24,34
4,20,25,35
4,20,26,36
4,21,26,37
4,21,27,38
4,22,28,39
4,22,29,40
4,23,29,41
4,24,30,42
4,24,31,43
4,25,31,44
4,25,32,45
4,26,33,46
4,26,33,47
4,27,34,48
4,28,35,49
4,27,36,50
4,28,36,51
4,28,37,52
4,29,38,53
4,30,38,54
4,30,39,55
4,31,40,56
4,31,41,57
4,32,41,58
4,32,42,59
4,33,43,60
4,34,43,61
4,34,44,62
4,35,45,63
4,35,45,64
4,36,46,65
4,36,47,66
4,37,48,67
4,38,48,68
4,38,49,69
4,39,50,70
4,39,50,71
4,40,51,72
4,40,52,73
4,41,53,74
4,42,53,75
4,41,54,76
4,42,55,77
4,42,55,78
4,43,56,79
4,44,57,80
4,44,57,81
4,45,58,82
4,45,59,83
4,46,60,84
4,46,60,85
4,47,61,86
4,48,62,87
4,48,62,88
4,49,63,89
4,49,64,90
4,50,64,91
4,50,65,92
4,51,66,93
4,52,67,94
4,52,67,95
4,53,68,96
4,53,69,97
4,54,69,98
4,54,70,99
5,3,4,5
5,4,5,6
5,4,5,7
5,5,7,8
5,5,8,9
5,6,8,10
5,6,9,11
5,6,10,12
5,7,11,13
5,7,11,14
5,8,12,15
5,8,13,16
5,9,13,17
5,9,14,18
5,10,15,19
5,10,15,20
5,11,16,21
5,11,17,22
5,12,18,23
5,13,18,24
5,13,19,25
5,14,20,26
5,14,20,27
5,15,21,28
5,15,22,29
5,16,23,30
5,16,23,31
5,17,24,32
5,17,25,33
5,17,25,34
5,18,26,35
5,18,27,36
5,19,27,37
5,19,28,38
5,20,29,39
5,20,30,40
5,21,30,41
5,21,31,42
5,22,32,43
5,23,32,44
5,23,33,45
5,24,34,46
5,24,34,47
5,25,35,48
5,25,36,49
5,25,37,50
5,25,37,51
5,26,38,52
5,27,39,53
5,27,39,54
5,28,40,55
5,28,41,56
5,29,42,57
5,29,42,58
5,30,43,59
5,30,44,60
5,31,44,61
5,31,45,62
5,32,46,63
5,33,46,64
5,33,47,65
5,34,48,66
5,34,49,67
5,34,49,68
5,34,50,69
5,35,51,70
5,35,51,71
5,36,52,72
5,37,53,73
5,37,54,74
5,38,54,75
5,38,55,76
5,39,56,77
5,39,56,78
5,40,57,79
5,40,58,80
5,41,58,81
5,41,59,82
5,42,60,83
5,43,61,84
5,42,61,85
5,43,62,86
5,43,63,87
5,44,63,88
5,44,64,89
5,45,65,90
5,45,65,91
5,46,66,92
5,47,67,93
5,47,68,94
5,48,68,95
5,48,70,96
5,49,71,97
5,49,71,98
5,50,72,99
6,3,4,5
6,4,5,6
6,4,5,7
6,5,7,8
6,6,8,9
6,6,9,10
6,7,9,11
6,7,10,12
6,8,11,13
6,7,11,14
6,8,12,15
6,9,13,16
6,9,14,17
6,10,14,18
6,10,15,19
6,11,16,20
6,11,16,21
6,12,17,22
6,12,18,23
6,13,19,24
6,13,19,25
6,14,20,26
6,15,21,27
6,15,21,28
6,16,22,29
6,16,23,30
6,17,24,31
6,17,24,32
6,18,25,33
6,18,26,34
6,19,26,35
6,20,27,36
6,20,28,37
6,21,29,38
6,21,29,39
6,22,30,40
6,22,31,41
6,23,31,42
6,23,32,43
6,23,33,44
6,24,34,45
6,24,34,46
6,25,35,47
6,25,36,48
6,26,36,49
6,26,37,50
6,27,38,51
6,28,39,52
6,28,39,53
6,29,40,54
6,29,41,55
6,30,41,56
6,30,42,57
6,31,43,58
6,32,44,59
6,32,44,60
6,33,45,61
6,33,46,62
6,34,47,63
6,34,47,64
6,34,48,65
6,34,49,66
6,35,49,67
6,36,50,68
6,36,51,69
6,37,52,70
6,37,52,71
6,38,53,72
6,38,54,73
6,39,54,74
6,39,55,75
6,40,56,76
6,41,57,77
6,41,57,78
6,42,58,79
6,42,59,80
6,43,59,81
6,43,60,82
6,44,61,83
6,45,62,84
6,45,62,85
6,46,63,86
6,46,64,87
6,46,64,88
6,46,65,89
6,47,66,90
6,47,67,91
6,48,67,92
6,49,68,93
6,49,69,94
6,50,69,95
6,50,71,96
6,51,72,97
6,51,73,98
6,52,73,99
7,3,4,5
7,3,5,6
7,4,5,7
7,4,6,8
7,5,7,9
7,6,7,10
7,6,8,11
7,7,9,12
7,7,10,13
7,8,10,14
7,8,11,15
7,9,12,16
7,9,12,17
7,10,13,18
7,9,14,19
7,10,14,20
7,11,15,21
7,11,16,22
7,12,17,23
7,11,17,24
7,12,18,25
7,12,19,26
7,13,19,27
7,13,20,28
7,14,21,29
7,14,22,30
7,15,22,31
7,15,23,32
7,16,24,33
7,16,24,34
7,17,25,35
7,17,26,36
7,18,26,37
7,19,27,38
7,19,28,39
7,20,29,40
7,20,29,41
7,21,30,42
7,21,31,43
7,22,31,44
7,22,32,45
7,23,33,46
7,23,33,47
7,24,34,48
7,24,35,49
7,25,36,50
7,24,36,51
7,25,37,52
7,25,38,53
7,26,38,54
7,26,39,55
7,27,40,56
7,27,41,57
7,28,41,58
7,28,42,59
7,29,43,60
7,29,43,61
7,30,44,62
7,30,45,63
7,31,45,64
7,31,46,65
7,32,47,66
7,32,48,67
7,33,48,68
7,33,49,69
7,34,50,70
7,34,50,71
7,35,51,72
7,35,52,73
7,36,53,74
7,36,53,75
7,37,54,76
7,37,55,77
7,37,55,78
7,37,56,79
7,38,57,80
7,38,57,81
7,39,58,82
7,39,59,83
7,40,60,84
7,40,60,85
7,41,61,86
7,41,62,87
7,42,62,88
7,42,63,89
7,43,64,90
7,43,64,91
7,44,65,92
7,44,66,93
7,45,67,94
7,45,67,95
7,46,68,96
7,46,69,97
7,47,69,98
7,47,70,99
8,3,4,5
8,4,5,6
8,4,5,7
8,5,6,8
8,6,7,9
8,6,8,10
8,7,9,11
8,7,10,12
8,8,11,13
8,7,11,14
8,8,12,15
8,9,13,16
8,9,14,17
8,10,14,18
8,10,15,19
8,10,16,20
8,11,16,21
8,12,17,22
8,12,18,23
8,13,19,24
8,13,19,25
8,14,20,26
8,14,21,27
8,15,21,28
8,15,22,29
8,16,23,30
8,17,24,31
8,17,24,32
8,18,25,33
8,18,26,34
8,19,26,35
8,19,27,36
8,20,28,37
8,20,29,38
8,21,29,39
8,22,30,40
8,22,31,41
8,23,31,42
8,22,32,43
8,23,33,44
8,23,34,45
8,24,34,46
8,24,35,47
8,25,36,48
8,26,36,49
8,26,37,50
8,27,38,51
8,27,39,52
8,28,39,53
8,28,40,54
8,29,41,55
8,29,41,56
8,30,42,57
8,31,43,58
8,31,44,59
8,32,44,60
8,32,45,61
8,33,46,62
8,33,47,63
8,34,47,64
8,34,48,65
8,34,49,66
8,35,49,67
8,35,50,68
8,36,51,69
8,36,52,70
8,37,52,71
8,37,53,72
8,38,54,73
8,38,54,74
8,39,55,75
8,40,56,76
8,40,57,77
8,41,57,78
8,41,58,79
8,42,59,80
8,42,59,81
8,43,60,82
8,43,61,83
8,44,62,84
8,45,62,85
8,45,63,86
8,46,64,87
8,46,64,88
8,46,65,89
8,46,66,90
8,47,67,91
8,47,67,92
8,48,68,93
8,49,69,94
8,49,69,95
8,50,71,96
8,50,72,97
8,51,73,98
8,51,73,99
9,3,4,5
9,4,5,6
9,4,5,7
9,5,7,8
9,6,8,9
9,6,9,10
9,7,9,11
9,7,10,12
9,8,11,13
9,7,11,14
9,8,12,15
9,9,13,16
9,9,14,17
9,10,14,18
9,10,15,19
9,11,16,20
9,11,16,21
9,12,17,22
9,13,18,23
9,13,19,24
9,14,19,25
9,14,20,26
9,15,21,27
9,15,21,28
9,16,22,29
9,17,23,30
9,17,24,31
9,18,24,32
9,18,25,33
9,18,26,34
9,18,26,35
9,19,27,36
9,20,28,37
9,20,29,38
9,21,29,39
9,21,30,40
9,22,31,41
9,22,31,42
9,23,32,43
9,24,33,44
9,24,34,45
9,25,34,46
9,25,35,47
9,26,36,48
9,26,36,49
9,27,37,50
9,28,38,51
9,27,39,52
9,28,39,53
9,28,40,54
9,29,41,55
9,29,41,56
9,30,42,57
9,31,43,58
9,31,44,59
9,32,44,60
9,32,45,61
9,33,46,62
9,33,47,63
9,34,47,64
9,35,48,65
9,35,49,66
9,36,49,67
9,36,50,68
9,37,51,69
9,36,52,70
9,37,52,71
9,38,53,72
9,38,54,73
9,39,54,74
9,39,55,75
9,40,56,76
9,40,57,77
9,41,57,78
9,42,58,79
9,42,59,80
9,43,59,81
9,43,60,82
9,44,61,83
9,44,62,84
9,45,62,85
9,46,63,86
9,46,64,87
9,46,64,88
9,46,65,89
9,47,66,90
9,47,67,91
9,48,67,92
9,49,68,93
9,49,69,94
9,50,69,95
9,50,71,96
9,51,72,97
9,52,73,98
9,52,73,99