character,width,height,weight
a,11,15,25
a,12,15,26
a,12,16,27
a,13,16,28
a,13,17,29
a,14,17,30
a,14,18,31
a,15,19,32
a,15,19,33
a,16,20,34
a,16,20,35
a,16,21,36
a,17,21,37
a,17,22,38
a,18,22,39
a,17,23,40
a,18,23,41
a,18,24,42
a,19,24,43
a,19,25,44
a,20,25,45
a,20,26,46
a,21,27,47
a,21,27,48
a,22,28,49
a,22,28,50
a,23,29,51
a,23,29,52
a,24,30,53
a,24,30,54
a,25,31,55
a,25,31,56
a,25,32,57
a,26,32,58
a,26,33,59
a,27,34,60
a,26,34,61
a,27,35,62
a,27,35,63
a,28,36,64
a,28,36,65
a,29,37,66
a,29,37,67
a,30,38,69
a,31,39,70
a,31,39,71
a,32,40,72
a,32,40,73
a,33,41,74
a,33,42,75
a,34,42,76
a,34,43,77
a,34,43,78
a,35,44,79
a,35,44,80
a,35,45,81
a,35,45,82
a,36,46,83
a,36,46,84
a,37,47,85
a,37,47,86
a,38,48,87
a,38,49,88
a,39,49,89
a,39,50,90
a,40,50,91
a,40,51,92
a,41,51,93
a,41,52,94
a,42,52,95
a,42,53,96
a,43,53,97
a,43,54,98
a,43,54,99
b,12,20,25
b,13,20,26
b,14,21,27
b,14,22,28
b,15,23,29
b,15,23,30
b,16,24,31
b,16,25,32
b,17,26,33
b,17,26,34
b,17,27,35
b,18,28,36
b,18,29,37
b,19,29,38
b,19,30,39
b,20,31,40
b,20,32,41
b,21,32,42
b,22,33,43
b,22,34,44
b,23,34,45
b,23,35,46
b,23,36,47
b,23,37,48
b,24,37,49
b,24,38,50
b,25,39,51
b,26,40,52
b,26,40,53
b,27,41,54
b,27,42,55
b,28,43,56
b,28,43,57
b,29,44,58
b,29,45,59
b,29,45,60
b,30,46,61
b,30,47,62
b,31,48,63
b,31,48,64
b,32,49,65
b,32,50,66
b,33,51,67
b,34,51,68
b,34,52,69
b,34,53,70
b,34,54,71
b,35,54,72
b,35,55,73
b,36,56,74
b,36,57,75
b,37,57,76
b,38,58,77
b,38,59,78
b,39,59,79
b,39,60,80
b,40,61,81
b,39,62,82
b,40,62,83
b,41,63,84
b,41,64,85
b,42,65,86
b,42,65,87
b,43,66,88
b,43,67,89
b,44,68,90
b,44,68,91
b,45,69,92
b,46,70,93
b,45,70,94
b,46,71,95
b,46,72,96
b,47,73,97
b,47,73,98
b,48,74,99
c,12,15,25
c,13,15,26
c,13,16,27
c,14,16,28
c,14,17,29
c,15,17,30
c,15,18,31
c,16,19,32
c,16,19,33
c,17,20,34
c,17,20,35
c,17,21,36
c,17,21,37
c,18,22,38
c,18,22,39
c,19,23,40
c,19,23,41
c,20,24,42
c,21,24,43
c,21,25,44
c,22,25,45
c,22,26,46
c,23,27,47
c,23,27,48
c,24,28,49
c,24,28,50
c,25,29,51
c,25,29,52
c,26,30,53
c,26,30,54
c,26,31,55
c,26,31,56
c,27,32,57
c,27,32,58
c,28,33,59
c,28,34,60
c,29,34,61
c,29,35,62
c,30,35,63
c,30,36,64
c,31,36,65
c,31,37,66
c,32,37,67
c,32,38,68
c,33,38,69
c,33,39,70
c,34,39,71
c,34,40,72
c,35,40,73
c,34,41,74
c,35,42,75
c,35,42,76
c,36,43,77
c,37,43,78
c,37,44,79
c,38,44,80
c,38,45,81
c,39,45,82
c,39,46,83
c,40,46,84
c,40,47,85
c,41,47,86
c,41,48,87
c,42,49,88
c,42,49,89
c,43,50,90
c,43,50,91
c,44,51,92
c,43,51,93
c,44,52,94
c,44,52,95
c,45,53,96
c,45,53,97
c,46,54,98
c,46,54,99
d,13,20,25
d,13,20,26
d,14,21,27
d,14,22,28
d,15,23,29
d,15,23,30
d,16,24,31
d,16,25,32
d,17,26,33
d,17,26,34
d,18,27,35
d,17,28,36
d,18,29,37
d,19,29,38
d,19,30,39
d,20,31,40
d,20,32,41
d,21,32,42
d,21,33,43
d,22,34,44
d,22,34,45
d,23,35,46
d,23,36,47
d,24,37,48
d,24,37,49
d,25,38,50
d,25,39,51
d,26,40,52
d,26,40,53
d,27,41,54
d,27,42,55
d,27,43,56
d,28,43,57
d,28,44,58
d,29,45,59
d,29,45,60
d,30,46,61
d,30,47,62
d,31,48,63
d,31,48,64
d,32,49,65
d,32,50,66
d,33,51,67
d,33,51,68
d,34,52,69
d,34,53,70
d,35,54,71
d,36,54,72
d,36,55,73
d,36,56,74
d,36,57,75
d,37,57,76
d,37,58,77
d,38,59,78
d,38,59,79
d,39,60,80
d,39,61,81
d,40,62,82
d,40,62,83
d,41,63,84
d,41,64,85
d,42,65,86
d,43,65,87
d,43,66,88
d,44,67,89
d,44,68,90
d,45,68,91
d,45,69,92
d,45,70,93
d,45,70,94
d,46,71,95
d,46,72,96
d,47,73,97
d,47,73,98
d,48,74,99
e,12,15,25
e,13,15,26
e,13,16,27
e,14,16,28
e,14,17,29
e,15,17,30
e,15,18,31
e,16,19,32
e,16,19,33
e,17,20,34
e,18,20,35
e,17,21,36
e,18,21,37
e,18,22,38
e,19,22,39
e,19,23,40
e,20,23,41
e,20,24,42
e,21,24,43
e,21,25,44
e,22,25,45
e,22,26,46
e,23,27,47
e,23,27,48
e,24,28,49
e,24,28,50
e,25,29,51
e,25,29,52
e,26,30,53
e,26,30,54
e,26,31,55
e,26,31,56
e,27,32,57
e,27,32,58
e,28,33,59
e,28,34,60
e,29,34,61
e,30,35,62
e,30,35,63
e,31,36,64
e,31,36,65
e,32,37,66
e,32,37,67
e,33,38,68
e,34,39,70
e,34,39,71
e,35,40,72
e,35,40,73
e,35,41,74
e,35,42,75
e,36,42,76
e,36,43,77
e,37,43,78
e,37,44,79
e,38,44,80
e,38,45,81
e,39,45,82
e,39,46,83
e,40,46,84
e,40,47,85
e,41,47,86
e,41,48,87
e,42,49,88
e,43,49,89
e,43,50,90
e,44,50,91
e,44,51,92
e,44,51,93
e,44,52,94
e,45,52,95
e,45,53,96
e,46,53,97
e,46,54,98
e,47,54,99
f,8,19,25
f,9,20,26
f,9,20,27
f,9,21,28
f,10,22,29
f,10,23,30
f,10,23,31
f,11,24,32
f,10,25,33
f,10,26,34
f,11,26,35
f,11,27,36
f,11,28,37
f,12,29,38
f,12,29,39
f,12,30,40
f,13,31,41
f,13,31,42
f,13,32,43
f,14,33,44
f,14,34,45
f,14,34,46
f,15,35,47
f,15,36,48
f,15,37,49
f,16,37,50
f,16,38,51
f,16,39,52
f,17,40,53
f,17,40,54
f,17,41,55
f,18,42,56
f,18,43,57
f,18,43,58
f,18,44,59
f,19,45,60
f,19,46,61
f,19,46,62
f,20,47,63
f,20,48,64
f,20,48,65
f,21,49,66
f,21,50,67
f,21,51,68
f,22,51,69
f,21,52,70
f,21,53,71
f,22,54,72
f,22,54,73
f,22,55,74
f,23,56,75
f,23,57,76
f,23,57,77
f,24,58,78
f,24,59,79
f,24,60,80
f,25,60,81
f,25,61,82
f,25,62,83
f,26,63,84
f,26,63,85
f,26,64,86
f,27,65,87
f,27,66,88
f,27,66,89
f,28,67,90
f,28,68,91
f,28,68,92
f,28,69,93
f,29,70,94
f,29,71,95
f,29,71,96
f,30,72,97
f,30,73,98
f,30,74,99
g,13,19,25
g,13,19,26
g,14,20,27
g,14,21,28
g,15,22,29
g,15,22,30
g,16,23,31
g,16,24,32
g,17,24,33
g,17,26,34
g,18,26,35
g,17,27,36
g,18,27,37
g,19,28,38
g,19,29,39
g,20,30,40
g,20,30,41
g,21,31,42
g,21,31,43
g,22,33,44
g,22,33,45
g,23,34,46
g,23,35,47
g,24,35,48
g,24,36,49
g,25,37,50
g,25,38,51
g,26,38,52
g,26,39,53
g,27,39,54
g,27,41,55
g,27,41,56
g,28,42,57
g,28,42,58
g,29,43,59
g,29,45,60
g,30,45,61
g,30,46,62
g,31,46,63
g,31,47,64
g,32,47,65
g,32,49,66
g,33,49,67
g,33,50,68
g,34,50,69
g,34,51,70
g,35,52,71
g,36,53,72
g,36,53,73
g,36,54,74
g,36,55,75
g,37,55,76
g,37,57,77
g,38,57,78
g,38,58,79
g,39,58,80
g,39,59,81
g,40,60,82
g,40,61,83
g,41,61,84
g,41,62,85
g,42,62,86
g,43,64,87
g,43,65,88
g,44,65,89
g,44,66,90
g,45,66,91
g,45,67,92
g,45,68,93
g,45,69,94
g,46,69,95
g,46,70,96
g,47,70,97
g,47,72,98
g,48,72,99
h,11,19,25
h,12,19,26
h,12,20,27
h,13,21,28
h,13,22,29
h,14,22,30
h,14,23,31
h,15,24,32
h,15,25,33
h,16,25,34
h,15,26,35
h,16,27,36
h,16,28,37
h,17,28,38
h,17,29,39
h,18,30,40
h,18,31,41
h,19,31,42
h,20,33,44
h,21,33,45
h,21,34,46
h,21,35,47
h,21,36,48
h,22,36,49
h,22,37,50
h,23,38,51
h,23,39,52
h,24,39,53
h,24,40,54
h,25,41,55
h,25,42,56
h,26,42,57
h,26,43,58
h,26,44,59
h,26,44,60
h,27,45,61
h,27,46,62
h,28,47,63
h,28,47,64
h,29,48,65
h,29,49,66
h,30,50,67
h,30,50,68
h,31,51,69
h,30,52,70
h,31,53,71
h,31,53,72
h,32,54,73
h,32,55,74
h,33,56,75
h,33,56,76
h,34,57,77
h,34,58,78
h,35,58,79
h,36,59,80
h,36,60,81
h,36,61,82
h,36,61,83
h,37,62,84
h,37,63,85
h,38,64,86
h,38,64,87
h,39,65,88
h,39,66,89
h,40,67,90
h,40,67,91
h,41,68,92
h,41,69,93
h,41,69,94
h,41,70,95
h,42,71,96
h,42,72,97
h,43,72,98
h,43,73,99
i,4,19,25
i,4,20,26
i,4,20,27
i,4,21,28
i,4,22,29
i,4,23,30
i,4,23,31
i,4,24,32
i,4,25,33
i,5,26,34
i,5,26,35
i,5,27,36
i,5,28,37
i,5,29,38
i,5,29,39
i,6,30,40
i,6,31,41
i,6,32,42
i,6,32,43
i,5,33,44
i,6,34,45
i,6,35,46
i,6,35,47
i,6,36,48
i,6,37,49
i,7,38,50
i,7,38,51
i,7,39,52
i,7,40,53
i,7,41,54
i,7,41,55
i,8,42,56
i,8,43,57
i,8,44,58
i,8,44,59
i,7,45,60
i,8,46,61
i,8,47,62
i,8,47,63
i,8,48,64
i,8,49,65
i,8,50,66
i,9,50,67
i,9,51,68
i,9,52,69
i,9,53,70
i,9,53,71
i,10,54,72
i,10,55,73
i,10,56,74
i,9,56,75
i,9,57,76
i,9,58,77
i,10,58,78
i,10,59,79
i,10,60,80
i,10,61,81
i,10,61,82
i,11,62,83
i,11,63,84
i,11,64,85
i,11,64,86
i,11,65,87
i,11,66,88
i,12,67,89
i,11,67,90
i,11,68,91
i,11,69,92
i,11,70,93
i,12,70,94
i,12,71,95
i,12,72,96
i,12,73,97
i,12,73,98
i,12,74,99
j,6,24,25
j,6,25,26
j,6,25,27
j,6,26,28
j,7,28,29
j,7,29,30
j,7,29,31
j,7,30,32
j,7,31,33
j,8,33,34
j,8,33,35
j,8,34,36
j,8,35,37
j,8,36,38
j,8,36,39
j,9,38,40
j,9,39,41
j,9,40,42
j,9,40,43
j,9,41,44
j,10,43,45
j,10,44,46
j,10,44,47
j,10,45,48
j,10,46,49
j,10,47,50
j,11,48,51
j,11,49,52
j,11,50,53
j,11,51,54
j,11,51,55
j,12,52,56
j,12,54,57
j,12,55,58
j,12,55,59
j,12,56,60
j,12,57,61
j,13,59,62
j,13,59,63
j,13,60,64
j,13,61,65
j,13,62,66
j,14,62,67
j,14,64,68
j,14,65,69
j,14,66,70
j,14,66,71
j,14,67,72
j,15,69,73
j,15,70,74
j,15,70,75
j,15,71,76
j,15,72,77
j,16,72,78
j,16,74,79
j,16,75,80
j,16,76,81
j,16,76,82
j,16,77,83
j,17,79,84
j,17,80,85
j,17,80,86
j,17,81,87
j,17,82,88
j,18,83,89
j,18,84,90
j,18,85,91
j,18,86,92
j,18,87,93
j,18,87,94
j,19,89,95
j,19,90,96
j,19,91,97
j,19,91,98
j,19,92,99
k,11,19,25
k,12,19,26
k,12,20,27
k,13,21,28
k,14,22,29
k,14,22,30
k,15,23,31
k,15,24,32
k,16,25,33
k,16,25,34
k,16,26,35
k,16,27,36
k,17,28,37
k,17,28,38
k,18,29,39
k,18,30,40
k,19,31,41
k,19,31,42
k,20,32,43
k,20,33,44
k,21,33,45
k,21,34,46
k,21,35,47
k,21,36,48
k,22,36,49
k,22,37,50
k,23,38,51
k,24,39,52
k,24,39,53
k,25,40,54
k,25,41,55
k,26,42,56
k,26,42,57
k,27,43,58
k,26,44,59
k,27,44,60
k,27,45,61
k,28,46,62
k,28,47,63
k,29,47,64
k,29,48,65
k,30,49,66
k,30,50,67
k,31,50,68
k,31,51,69
k,31,52,70
k,31,53,71
k,32,53,72
k,33,54,73
k,33,55,74
k,34,56,75
k,34,56,76
k,35,57,77
k,35,58,78
k,36,58,79
k,36,59,80
k,37,60,81
k,36,61,82
k,37,61,83
k,37,62,84
k,38,63,85
k,38,64,86
k,39,64,87
k,39,65,88
k,40,66,89
k,40,67,90
k,41,67,91
k,41,68,92
k,42,69,93
k,41,69,94
k,42,70,95
k,43,71,96
k,43,72,97
k,44,72,98
k,44,73,99
l,3,19,25
l,3,19,26
l,3,20,27
l,3,21,28
l,3,22,29
l,3,22,30
l,4,23,31
l,4,24,32
l,4,25,33
l,4,25,34
l,3,26,35
l,3,27,36
l,4,28,37
l,4,28,38
l,4,29,39
l,4,30,40
l,4,31,41
l,4,31,42
l,5,32,43
l,5,33,44
l,5,33,45
l,5,34,46
l,4,35,47
l,4,36,48
l,5,36,49
l,5,37,50
l,5,38,51
l,5,39,52
l,5,39,53
l,5,40,54
l,6,41,55
l,6,42,56
l,6,42,57
l,6,43,58
l,5,44,59
l,6,44,60
l,6,45,61
l,6,46,62
l,6,47,63
l,6,47,64
l,6,48,65
l,7,49,66
l,7,50,67
l,7,50,68
l,7,51,69
l,6,52,70
l,6,53,71
l,7,53,72
l,7,54,73
l,7,55,74
l,7,56,75
l,7,56,76
l,7,57,77
l,8,58,78
l,8,58,79
l,8,59,80
l,8,60,81
l,7,61,82
l,7,61,83
l,8,62,84
l,8,63,85
l,8,64,86
l,8,64,87
l,8,65,88
l,8,66,89
l,9,67,90
l,9,67,91
l,9,68,92
l,9,69,93
l,8,69,94
l,8,70,95
l,9,71,96
l,9,72,97
l,9,72,98
l,9,73,99
m,18,14,25
m,19,14,26
m,20,15,27
m,21,15,28
m,21,16,29
m,22,16,30
m,23,17,31
m,24,18,32
m,25,18,33
m,25,19,34
m,26,19,35
m,27,20,36
m,27,20,37
m,28,21,38
m,28,21,39
m,29,22,40
m,30,22,41
m,31,23,42
m,32,23,43
m,32,24,44
m,33,24,45
m,34,25,46
m,35,26,47
m,36,26,48
m,35,27,49
m,36,27,50
m,37,28,51
m,38,28,52
m,39,29,53
m,39,29,54
m,40,30,55
m,41,30,56
m,42,31,57
m,43,31,58
m,43,32,59
m,44,33,60
m,45,33,61
m,45,34,62
m,46,34,63
m,46,35,64
m,47,35,65
m,48,36,66
m,49,36,67
m,49,37,68
m,50,37,69
m,51,38,70
m,52,38,71
m,53,39,72
m,53,39,73
m,54,40,74
m,54,41,75
m,55,41,76
m,56,42,77
m,56,42,78
m,57,43,79
m,58,43,80
m,59,44,81
m,60,44,82
m,60,45,83
m,61,45,84
m,62,46,85
m,63,46,86
m,63,47,87
m,63,48,88
m,64,48,89
m,65,49,90
m,66,49,91
m,67,50,92
m,67,50,93
m,68,51,94
m,69,51,95
m,70,52,96
m,71,52,97
m,71,53,98
m,72,53,99
n,11,14,25
n,12,14,26
n,12,15,27
n,13,15,28
n,13,16,29
n,14,16,30
n,14,17,31
n,15,18,32
n,15,18,33
n,16,19,34
n,16,19,35
n,17,20,36
n,16,20,37
n,17,21,38
n,17,21,39
n,18,22,40
n,18,22,41
n,19,23,42
n,19,23,43
n,20,24,44
n,20,24,45
n,21,25,46
n,21,26,47
n,22,26,48
n,21,27,49
n,22,27,50
n,22,28,51
n,23,28,52
n,23,29,53
n,24,29,54
n,24,30,55
n,25,30,56
n,25,31,57
n,26,31,58
n,26,32,59
n,27,33,60
n,27,33,61
n,27,34,62
n,27,34,63
n,28,35,64
n,28,35,65
n,29,36,66
n,29,36,67
n,30,37,68
n,31,37,69
n,31,38,70
n,32,38,71
n,32,39,72
n,33,39,73
n,33,40,74
n,33,41,75
n,33,41,76
n,34,42,77
n,34,42,78
n,35,43,79
n,35,43,80
n,36,44,81
n,36,44,82
n,37,45,83
n,37,45,84
n,38,46,85
n,38,46,86
n,38,47,87
n,38,48,88
n,39,48,89
n,39,49,90
n,40,49,91
n,40,50,92
n,41,50,93
n,41,51,94
n,42,51,95
n,42,52,96
n,43,52,97
n,43,53,98
n,44,53,99
o,13,15,25
o,13,15,26
o,14,16,27
o,14,16,28
o,15,17,29
o,16,17,30
o,16,18,31
o,17,19,32
o,17,19,33
o,18,20,34
o,18,20,35
o,18,21,36
o,18,21,37
o,19,22,38
o,19,22,39
o,20,23,40
o,20,23,41
o,21,24,42
o,22,24,43
o,22,25,44
o,23,25,45
o,23,26,46
o,24,27,47
o,24,27,48
o,25,28,49
o,25,28,50
o,26,29,51
o,26,29,52
o,27,30,53
o,27,30,54
o,27,31,55
o,28,31,56
o,28,32,57
o,29,32,58
o,29,33,59
o,30,34,60
o,30,34,61
o,31,35,62
o,31,35,63
o,32,36,64
o,32,36,65
o,33,37,66
o,33,37,67
o,34,38,68
o,35,38,69
o,35,39,70
o,36,39,71
o,36,40,72
o,37,40,73
o,36,41,74
o,37,42,75
o,37,42,76
o,38,43,77
o,38,43,78
o,39,44,79
o,39,44,80
o,40,45,81
o,40,45,82
o,41,46,83
o,42,46,84
o,42,47,85
o,43,47,86
o,43,48,87
o,44,49,88
o,44,49,89
o,45,50,90
o,45,50,91
o,46,51,92
o,45,51,93
o,46,52,94
o,46,52,95
o,47,53,96
o,48,53,97
o,48,54,98
o,49,54,99
p,12,19,25
p,13,19,26
p,13,20,27
p,14,20,28
p,15,21,29
p,15,22,30
p,16,23,31
p,16,24,32
p,17,24,33
p,17,25,34
p,18,26,35
p,18,27,36
p,18,27,37
p,19,28,38
p,19,28,39
p,20,29,40
p,20,30,41
p,21,31,42
p,21,31,43
p,22,32,44
p,22,32,45
p,23,33,46
p,24,35,47
p,24,35,48
p,24,36,49
p,24,36,50
p,25,37,51
p,25,38,52
p,26,39,53
p,26,39,54
p,27,40,55
p,28,40,56
p,28,41,57
p,29,42,58
p,29,43,59
p,30,44,60
p,30,44,61
p,30,45,62
p,30,45,63
p,31,47,64
p,32,47,65
p,32,48,66
p,33,48,67
p,33,49,68
p,34,50,69
p,34,51,70
p,35,51,71
p,35,52,72
p,36,52,73
p,37,53,74
p,36,55,75
p,37,55,76
p,37,56,77
p,38,56,78
p,38,57,79
p,39,57,80
p,39,59,81
p,40,59,82
p,41,60,83
p,41,60,84
p,42,61,85
p,42,61,86
p,42,63,87
p,42,64,88
p,43,64,89
p,43,65,90
p,44,65,91
p,45,67,92
p,45,67,93
p,46,68,94
p,46,68,95
p,47,69,96
p,47,69,97
p,48,71,98
p,48,71,99
q,13,19,25
q,13,19,26
q,14,20,27
q,14,20,28
q,15,21,29
q,15,22,30
q,16,23,31
q,16,24,32
q,17,24,33
q,17,25,34
q,18,26,35
q,18,27,36
q,18,27,37
q,19,28,38
q,19,28,39
q,20,29,40
q,20,30,41
q,21,31,42
q,21,31,43
q,22,32,44
q,22,32,45
q,23,33,46
q,23,35,47
q,24,35,48
q,24,36,49
q,25,36,50
q,25,37,51
q,26,38,52
q,27,39,53
q,27,39,54
q,27,40,55
q,27,40,56
q,28,41,57
q,28,42,58
q,29,43,59
q,29,44,60
q,30,44,61
q,30,45,62
q,31,45,63
q,31,47,64
q,32,47,65
q,32,48,66
q,33,48,67
q,34,49,68
q,34,50,69
q,35,51,70
q,35,51,71
q,36,52,72
q,36,52,73
q,36,53,74
q,36,55,75
q,37,55,76
q,37,56,77
q,38,56,78
q,38,57,79
q,39,57,80
q,39,59,81
q,40,59,82
q,40,60,83
q,41,60,84
q,42,61,85
q,42,61,86
q,43,63,87
q,43,64,88
q,44,64,89
q,44,65,90
q,45,65,91
q,45,67,92
q,45,67,93
q,45,68,94
q,46,68,95
q,46,69,96
q,47,69,97
q,47,71,98
q,48,71,99
r,7,14,25
r,8,14,26
r,8,15,27
r,8,15,28
r,9,16,29
r,9,16,30
r,9,17,31
r,10,18,32
r,10,18,33
r,10,19,34
r,11,19,35
r,11,20,36
r,11,20,37
r,11,21,38
r,11,21,39
r,12,22,40
r,12,22,41
r,12,23,42
r,13,23,43
r,13,24,44
r,13,24,45
r,14,25,46
r,14,26,47
r,14,26,48
r,14,27,49
r,14,27,50
r,14,28,51
r,15,28,52
r,15,29,53
r,16,29,54
r,16,30,55
r,16,30,56
r,17,31,57
r,17,31,58
r,17,32,59
r,18,33,60
r,18,33,61
r,17,34,62
r,18,34,63
r,18,35,64
r,18,35,65
r,19,36,66
r,19,36,67
r,20,37,68
r,20,37,69
r,20,38,70
r,21,38,71
r,21,39,72
r,21,39,73
r,22,40,74
r,21,41,75
r,21,41,76
r,22,42,77
r,22,42,78
r,22,43,79
r,23,43,80
r,23,44,81
r,23,44,82
r,24,45,83
r,24,45,84
r,25,46,85
r,25,46,86
r,24,47,87
r,25,48,88
r,25,48,89
r,25,49,90
r,26,49,91
r,26,50,92
r,26,50,93
r,27,51,94
r,27,51,95
r,27,52,96
r,28,52,97
r,28,53,98
r,29,53,99
s,11,15,25
s,12,15,26
s,12,16,27
s,13,16,28
s,13,17,29
s,13,17,30
s,14,18,31
s,14,19,32
s,15,19,33
s,15,20,34
s,16,20,35
s,15,21,36
s,16,21,37
s,16,22,38
s,17,22,39
s,17,23,40
s,18,23,41
s,18,24,42
s,19,24,43
s,19,25,44
s,20,25,45
s,20,26,46
s,20,27,47
s,21,27,48
s,21,28,49
s,22,28,50
s,22,29,51
s,23,29,52
s,23,30,53
s,24,30,54
s,24,31,55
s,24,31,56
s,24,32,57
s,25,32,58
s,25,33,59
s,26,34,60
s,26,34,61
s,27,35,62
s,27,35,63
s,28,36,64
s,28,36,65
s,28,37,66
s,29,37,67
s,29,38,68
s,30,38,69
s,30,39,70
s,31,39,71
s,31,40,72
s,32,40,73
s,32,41,74
s,32,42,75
s,32,42,76
s,33,43,77
s,33,43,78
s,34,44,79
s,34,44,80
s,35,45,81
s,35,45,82
s,35,46,83
s,36,46,84
s,36,47,85
s,37,47,86
s,37,48,87
s,38,49,88
s,38,49,89
s,39,50,90
s,39,50,91
s,40,51,92
s,40,51,93
s,40,52,94
s,40,52,95
s,41,53,96
s,41,53,97
s,42,54,98
s,42,54,99
t,8,17,25
t,9,18,26
t,9,18,27
t,9,19,28
t,10,20,29
t,9,20,30
t,9,21,31
t,9,23,32
t,10,23,33
t,10,24,34
t,10,25,35
t,11,25,36
t,11,26,37
t,11,27,38
t,12,27,39
t,12,28,40
t,12,29,41
t,13,29,42
t,13,30,43
t,13,31,44
t,14,31,45
t,14,32,46
t,14,33,47
t,15,33,48
t,15,34,49
t,15,35,50
t,15,35,51
t,16,36,52
t,16,36,53
t,16,37,54
t,17,38,55
t,17,38,56
t,17,39,57
t,18,40,58
t,18,40,59
t,18,41,60
t,19,42,61
t,19,42,62
t,19,43,63
t,19,44,64
t,19,44,65
t,19,45,66
t,20,46,67
t,20,46,68
t,20,47,69
t,21,48,70
t,21,48,71
t,21,49,72
t,21,50,73
t,22,50,74
t,22,51,75
t,22,52,76
t,23,52,77
t,23,53,78
t,23,54,79
t,24,54,80
t,24,55,81
t,24,56,82
t,25,56,83
t,25,57,84
t,25,58,85
t,26,58,86
t,26,59,87
t,26,60,88
t,26,60,89
t,27,61,90
t,27,62,91
t,27,62,92
t,28,63,93
t,28,64,94
t,28,64,95
t,29,65,96
t,29,66,97
t,29,66,98
t,29,67,99
u,12,15,25
u,11,15,26
u,12,16,27
u,12,16,28
u,13,17,29
u,14,17,30
u,14,18,31
u,15,18,32
u,15,19,33
u,16,19,34
u,16,20,35
u,17,20,36
u,17,21,37
u,18,21,38
u,17,22,39
u,18,22,40
u,18,23,41
u,19,23,42
u,19,24,43
u,20,25,44
u,20,25,45
u,21,26,46
u,21,26,47
u,22,27,48
u,22,27,49
u,23,28,50
u,23,28,51
u,24,29,52
u,23,29,53
u,24,30,54
u,24,30,55
u,25,31,56
u,25,31,57
u,26,32,58
u,26,32,59
u,27,33,60
u,27,33,61
u,28,34,62
u,28,35,63
u,29,35,64
u,29,36,65
u,29,36,66
u,29,37,67
u,30,37,68
u,30,38,69
u,31,38,70
u,31,39,71
u,32,39,72
u,32,40,73
u,33,40,74
u,33,41,75
u,34,41,76
u,34,42,77
u,35,42,78
u,35,43,79
u,35,43,80
u,35,44,81
u,36,45,82
u,36,45,83
u,37,46,84
u,37,46,85
u,38,47,86
u,38,47,87
u,39,48,88
u,39,48,89
u,40,49,90
u,40,49,91
u,41,50,92
u,40,50,93
u,41,51,94
u,41,51,95
u,42,52,96
u,42,52,97
u,43,53,98
u,43,53,99
v,13,14,25
v,14,14,26
v,13,15,27
v,14,15,28
v,14,16,29
v,15,16,30
v,15,17,31
v,16,17,32
v,16,18,33
v,17,18,34
v,17,19,35
v,18,19,36
v,18,20,37
v,19,20,38
v,19,21,39
v,20,21,40
v,20,22,41
v,21,22,42
v,21,23,43
v,22,24,44
v,22,24,45
v,23,25,46
v,23,25,47
v,24,26,48
v,24,26,49
v,25,27,50
v,25,27,51
v,26,28,52
v,26,28,53
v,27,29,54
v,27,29,55
v,28,30,56
v,27,30,57
v,28,31,58
v,28,31,59
v,29,32,60
v,29,32,61
v,30,33,62
v,30,34,63
v,31,34,64
v,31,35,65
v,32,35,66
v,32,36,67
v,33,36,68
v,33,37,69
v,34,37,70
v,34,38,71
v,35,38,72
v,36,39,73
v,36,39,74
v,37,40,75
v,37,40,76
v,38,41,77
v,38,42,78
v,39,42,79
v,39,43,80
v,40,43,81
v,40,44,82
v,41,44,83
v,41,45,84
v,42,45,85
v,42,46,86
v,42,46,87
v,42,47,88
v,43,47,89
v,43,48,90
v,44,48,91
v,44,49,92
v,45,49,93
v,45,50,94
v,46,50,95
v,46,51,96
v,47,51,97
v,47,52,98
v,48,52,99
w,19,14,25
w,20,14,26
w,19,15,27
w,20,15,28
w,21,16,29
w,22,16,30
w,22,17,31
w,23,17,32
w,24,18,33
w,25,18,34
w,25,19,35
w,26,19,36
w,27,20,37
w,28,20,38
w,28,21,39
w,29,22,40
w,30,22,41
w,31,23,42
w,31,23,43
w,32,24,44
w,33,24,45
w,33,25,46
w,34,25,47
w,35,26,48
w,36,26,49
w,36,27,50
w,37,27,51
w,38,28,52
w,39,28,53
w,39,29,54
w,40,29,55
w,41,30,56
w,41,30,57
w,41,31,58
w,42,31,59
w,43,32,60
w,44,32,61
w,44,33,62
w,45,34,63
w,46,34,64
w,47,35,65
w,47,35,66
w,48,36,67
w,49,36,68
w,50,37,69
w,50,37,70
w,51,38,71
w,52,38,72
w,52,39,73
w,53,39,74
w,54,40,75
w,55,40,76
w,55,41,77
w,56,41,78
w,57,42,79
w,58,42,80
w,58,43,81
w,59,44,82
w,60,44,83
w,61,45,84
w,61,45,85
w,62,46,86
w,62,46,87
w,63,47,88
w,63,47,89
w,64,48,90
w,65,48,91
w,66,49,92
w,66,49,93
w,67,50,94
w,68,50,95
w,69,51,96
w,69,52,97
w,70,52,98
w,71,53,99
x,12,14,25
x,12,14,26
x,13,15,27
x,13,15,28
x,14,16,29
x,14,16,30
x,15,17,31
x,15,17,32
x,16,18,33
x,16,18,34
x,16,19,35
x,17,19,36
x,17,20,37
x,18,20,38
x,18,21,39
x,19,21,40
x,19,22,41
x,20,23,42
x,20,23,43
x,21,24,44
x,21,24,45
x,22,25,46
x,22,25,47
x,23,26,48
x,23,26,49
x,24,27,50
x,24,27,51
x,25,28,52
x,25,28,53
x,25,29,54
x,25,29,55
x,26,30,56
x,26,30,57
x,27,31,58
x,27,32,59
x,28,32,60
x,28,33,61
x,29,33,62
x,29,34,63
x,30,34,64
x,30,35,65
x,31,35,66
x,31,36,67
x,32,36,68
x,32,37,69
x,33,37,70
x,33,38,71
x,34,38,72
x,34,39,73
x,35,39,74
x,35,40,75
x,36,40,76
x,36,41,77
x,37,41,78
x,37,42,79
x,38,43,80
x,38,43,81
x,37,44,82
x,38,44,83
x,38,45,84
x,39,45,85
x,39,46,86
x,40,46,87
x,40,47,88
x,41,47,89
x,41,48,90
x,42,48,91
x,42,49,92
x,43,49,93
x,43,50,94
x,44,50,95
x,44,51,96
x,45,51,97
x,45,52,98
x,46,53,99
y,13,19,25
y,14,19,26
y,13,20,27
y,14,21,28
y,14,22,29
y,15,22,30
y,15,23,31
y,16,23,32
y,16,24,33
y,17,25,34
y,17,26,35
y,18,26,36
y,18,27,37
y,19,27,38
y,19,29,39
y,20,30,40
y,20,30,41
y,21,31,42
y,21,31,43
y,22,32,44
y,22,33,45
y,23,34,46
y,23,34,47
y,24,35,48
y,24,35,49
y,25,37,50
y,25,37,51
y,26,38,52
y,26,38,53
y,27,39,54
y,27,40,55
y,28,41,56
y,27,41,57
y,28,42,58
y,28,42,59
y,29,43,60
y,29,44,61
y,30,45,62
y,30,46,63
y,31,46,64
y,32,47,65
y,32,48,66
y,33,49,67
y,33,49,68
y,34,50,69
y,34,50,70
y,35,51,71
y,35,52,72
y,36,53,73
y,36,53,74
y,37,54,75
y,37,54,76
y,38,56,77
y,38,57,78
y,39,57,79
y,39,57,80
y,40,58,81
y,40,60,82
y,41,60,83
y,41,61,84
y,42,61,85
y,42,62,86
y,42,62,87
y,42,64,88
y,43,64,89
y,43,65,90
y,44,65,91
y,44,66,92
y,45,67,93
y,45,68,94
y,46,68,95
y,46,69,96
y,47,69,97
y,47,70,98
y,48,71,99
z,11,14,25
z,12,14,26
z,12,15,27
z,13,15,28
z,12,16,29
z,13,16,30
z,13,17,31
z,13,17,32
z,14,18,33
z,14,18,34
z,15,19,35
z,15,19,36
z,16,20,37
z,16,20,38
z,17,21,39
z,17,21,40
z,18,22,41
z,18,22,42
z,18,23,43
z,18,24,44
z,19,24,45
z,19,25,46
z,20,25,47
z,20,26,48
z,21,26,49
z,21,27,50
z,21,27,51
z,22,28,52
z,22,28,53
z,23,29,54
z,23,29,55
z,24,30,56
z,24,30,57
z,24,31,58
z,24,31,59
z,25,32,60
z,25,32,61
z,26,33,62
z,26,34,63
z,27,34,64
z,27,35,65
z,28,35,66
z,28,36,67
z,28,36,68
z,29,37,69
z,29,37,70
z,30,38,71
z,30,38,72
z,30,39,73
z,30,39,74
z,31,40,75
z,31,40,76
z,32,41,77
z,32,41,78
z,33,42,79
z,33,42,80
z,34,43,81
z,34,44,82
z,35,44,83
z,35,45,84
z,36,45,85
z,36,46,86
z,36,46,87
z,36,47,88
z,36,47,89
z,37,48,90
z,37,48,91
z,38,49,92
z,38,49,93
z,39,50,94
z,39,50,95
z,40,51,96
z,40,51,97
z,41,52,98
z,41,52,99
A,16,18,25
A,16,19,26
A,17,19,27
A,17,20,28
A,18,21,29
A,19,22,30
A,19,22,31
A,20,23,32
A,20,24,33
A,21,24,34
A,22,25,35
A,22,26,36
A,23,26,37
A,24,27,38
A,24,28,39
A,25,29,40
A,26,29,41
A,26,30,42
A,27,31,43
A,28,31,44
A,28,32,45
A,29,33,46
A,29,33,47
A,30,34,48
A,31,35,49
A,31,36,50
A,32,36,51
A,33,37,52
A,33,38,53
A,34,38,54
A,35,39,55
A,34,40,56
A,35,41,57
A,36,41,58
A,36,42,59
A,37,43,60
A,37,43,61
A,38,44,62
A,39,45,63
A,39,45,64
A,40,46,65
A,41,47,66
A,41,48,67
A,42,48,68
A,43,49,69
A,43,50,70
A,44,50,71
A,44,51,72
A,45,52,73
A,46,53,74
A,46,53,75
A,47,54,76
A,48,55,77
A,48,55,78
A,49,56,79
A,50,57,80
A,50,57,81
A,51,58,82
A,52,59,83
A,52,60,84
A,53,60,85
A,52,61,86
A,53,62,87
A,54,62,88
A,54,63,89
A,55,64,90
A,56,64,91
A,56,65,92
A,57,66,93
A,58,67,94
A,58,67,95
A,59,68,96
A,59,69,97
A,60,69,98
A,61,70,99
B,13,18,25
B,14,19,26
B,15,19,27
B,15,20,28
B,16,21,29
B,16,22,30
B,17,22,31
B,17,23,32
B,17,24,33
B,18,24,34
B,18,25,35
B,19,26,36
B,20,26,37
B,20,27,38
B,21,28,39
B,22,29,40
B,22,29,41
B,23,30,42
B,23,31,43
B,23,31,44
B,24,32,45
B,24,33,46
B,25,33,47
B,25,34,48
B,26,35,49
B,27,36,50
B,27,36,51
B,28,37,52
B,28,38,53
B,29,38,54
B,29,39,55
B,29,40,56
B,30,41,57
B,30,41,58
B,31,42,59
B,32,43,60
B,32,43,61
B,33,44,62
B,33,45,63
B,34,45,64
B,35,46,65
B,34,47,66
B,35,48,67
B,35,48,68
B,36,49,69
B,37,50,70
B,37,50,71
B,38,51,72
B,38,52,73
B,39,53,74
B,40,53,75
B,40,54,76
B,40,55,77
B,40,55,78
B,41,56,79
B,42,57,80
B,42,57,81
B,43,58,82
B,43,59,83
B,44,60,84
B,45,60,85
B,45,61,86
B,46,62,87
B,45,62,88
B,46,63,89
B,47,64,90
B,47,64,91
B,48,65,92
B,49,66,93
B,49,67,94
B,50,67,95
B,50,68,96
B,51,69,97
B,52,69,98
B,51,70,99
C,16,19,25
C,16,20,26
C,17,21,27
C,18,22,28
C,18,22,29
C,18,23,30
C,19,24,31
C,19,24,32
C,20,25,33
C,21,26,34
C,21,27,35
C,22,27,36
C,23,28,37
C,23,29,38
C,24,30,39
C,25,30,40
C,25,31,41
C,26,32,42
C,27,32,43
C,27,33,44
C,28,34,45
C,28,35,46
C,28,35,47
C,29,36,48
C,30,37,49
C,30,37,50
C,31,38,51
C,32,39,52
C,32,40,53
C,33,40,54
C,34,41,55
C,34,42,56
C,35,42,57
C,36,43,58
C,36,44,59
C,37,45,60
C,38,45,61
C,37,46,62
C,38,47,63
C,38,48,64
C,39,48,65
C,40,49,66
C,40,50,67
C,41,51,68
C,42,52,69
C,42,53,70
C,43,54,71
C,44,54,72
C,44,55,73
C,45,56,74
C,46,56,75
C,46,57,76
C,47,58,77
C,47,59,78
C,47,59,79
C,48,60,80
C,49,61,81
C,49,62,82
C,50,62,83
C,51,63,84
C,51,64,85
C,52,64,86
C,53,65,87
C,53,66,88
C,54,67,89
C,55,67,90
C,55,68,91
C,56,69,92
C,57,69,93
C,56,70,94
C,57,71,95
C,58,72,96
C,58,72,97
C,59,73,98
C,60,74,99
D,15,18,25
D,16,19,26
D,16,19,27
D,17,20,28
D,18,21,29
D,18,22,30
D,19,22,31
D,19,23,32
D,19,24,33
D,20,24,34
D,21,25,35
D,21,26,36
D,22,26,37
D,23,27,38
D,23,28,39
D,24,29,40
D,25,29,41
D,25,30,42
D,26,31,43
D,26,31,44
D,26,32,45
D,27,33,46
D,28,33,47
D,28,34,48
D,29,35,49
D,30,36,50
D,30,36,51
D,31,37,52
D,32,38,53
D,32,38,54
D,32,39,55
D,33,40,56
D,33,41,57
D,34,41,58
D,35,42,59
D,35,43,60
D,36,43,61
D,37,44,62
D,37,45,63
D,38,45,64
D,39,46,65
D,38,47,66
D,39,48,67
D,40,48,68
D,40,49,69
D,41,50,70
D,42,50,71
D,42,51,72
D,43,52,73
D,44,53,74
D,44,53,75
D,45,54,76
D,45,55,77
D,45,55,78
D,46,56,79
D,46,57,80
D,47,57,81
D,48,58,82
D,48,59,83
D,49,60,84
D,50,60,85
D,50,61,86
D,51,62,87
D,51,62,88
D,51,63,89
D,52,64,90
D,53,64,91
D,53,65,92
D,54,66,93
D,55,67,94
D,55,67,95
D,56,68,96
D,57,69,97
D,57,69,98
D,57,70,99
E,12,18,25
E,12,19,26
E,13,19,27
E,13,20,28
E,14,21,29
E,14,22,30
E,15,22,31
E,14,23,32
E,15,24,33
E,15,24,34
E,16,25,35
E,16,26,36
E,17,26,37
E,17,27,38
E,18,28,39
E,18,29,40
E,19,29,41
E,19,30,42
E,20,31,43
E,20,31,44
E,20,32,45
E,21,33,46
E,21,33,47
E,22,34,48
E,22,35,49
E,23,36,50
E,23,36,51
E,24,37,52
E,24,38,53
E,25,38,54
E,24,39,55
E,25,40,56
E,25,41,57
E,26,41,58
E,26,42,59
E,27,43,60
E,27,43,61
E,28,44,62
E,29,45,63
E,29,45,64
E,30,46,65
E,29,47,66
E,30,48,67
E,30,48,68
E,31,49,69
E,31,50,70
E,32,50,71
E,32,51,72
E,33,52,73
E,33,53,74
E,34,53,75
E,34,54,76
E,34,55,77
E,34,55,78
E,35,56,79
E,35,57,80
E,36,57,81
E,37,58,82
E,37,59,83
E,38,60,84
E,38,60,85
E,39,61,86
E,39,62,87
E,39,62,88
E,39,63,89
E,40,64,90
E,40,64,91
E,41,65,92
E,41,66,93
E,42,67,94
E,42,67,95
E,43,68,96
E,43,69,97
E,44,69,98
E,43,70,99
F,11,18,25
F,12,19,26
F,12,19,27
F,13,20,28
F,13,21,29
F,14,22,30
F,14,22,31
F,14,23,32
F,14,24,33
F,15,24,34
F,15,25,35
F,16,26,36
F,17,26,37
F,17,27,38
F,18,28,39
F,18,29,40
F,19,29,41
F,19,30,42
F,20,31,43
F,19,31,44
F,20,32,45
F,20,33,46
F,21,33,47
F,21,34,48
F,22,35,49
F,22,36,50
F,23,36,51
F,23,37,52
F,24,38,53
F,24,38,54
F,24,39,55
F,24,40,56
F,25,41,57
F,25,41,58
F,26,42,59
F,26,43,60
F,27,43,61
F,27,44,62
F,28,45,63
F,29,45,64
F,29,46,65
F,29,47,66
F,29,48,67
F,30,48,68
F,30,49,69
F,31,50,70
F,31,50,71
F,32,51,72
F,32,52,73
F,33,53,74
F,33,53,75
F,34,54,76
F,33,55,77
F,34,55,78
F,34,56,79
F,35,57,80
F,35,57,81
F,36,58,82
F,36,59,83
F,37,60,84
F,37,60,85
F,38,61,86
F,38,62,87
F,38,62,88
F,38,63,89
F,39,64,90
F,39,64,91
F,40,65,92
F,41,66,93
F,41,67,94
F,42,67,95
F,42,68,96
F,43,69,97
F,43,69,98
F,43,70,99
G,16,19,25
G,17,20,26
G,18,21,27
G,18,22,28
G,19,22,29
G,19,23,30
G,19,24,31
G,20,24,32
G,21,25,33
G,22,26,34
G,22,27,35
G,23,27,36
G,24,28,37
G,24,29,38
G,25,30,39
G,26,30,40
G,26,31,41
G,27,32,42
G,28,32,43
G,28,33,44
G,29,34,45
G,29,35,46
G,29,35,47
G,30,36,48
G,31,37,49
G,31,37,50
G,32,38,51
G,33,39,52
G,33,40,53
G,34,40,54
G,35,41,55
G,36,42,56
G,36,42,57
G,37,43,58
G,38,44,59
G,38,45,60
G,39,45,61
G,39,46,62
G,39,47,63
G,40,48,64
G,41,48,65
G,41,49,66
G,42,50,67
G,43,51,68
G,43,52,69
G,44,53,70
G,45,54,71
G,45,54,72
G,46,55,73
G,47,56,74
G,47,56,75
G,48,57,76
G,49,58,77
G,49,59,78
G,49,59,79
G,50,60,80
G,51,61,81
G,51,62,82
G,52,62,83
G,53,63,84
G,53,64,85
G,54,64,86
G,55,65,87
G,55,66,88
G,56,67,89
G,57,67,90
G,57,68,91
G,58,69,92
G,59,69,93
G,58,70,94
G,59,71,95
G,60,72,96
G,60,72,97
G,61,73,98
G,62,74,99
H,15,18,25
H,15,19,26
H,16,19,27
H,17,20,28
H,17,21,29
H,18,22,30
H,19,22,31
H,18,23,32
H,19,24,33
H,20,24,34
H,20,25,35
H,21,26,36
H,22,26,37
H,22,27,38
H,23,28,39
H,23,29,40
H,24,29,41
H,25,30,42
H,25,31,43
H,25,31,44
H,26,32,45
H,26,33,46
H,27,33,47
H,28,34,48
H,28,35,49
H,29,36,50
H,30,36,51
H,30,37,52
H,31,38,53
H,32,38,54
H,31,39,55
H,32,40,56
H,33,41,57
H,33,41,58
H,34,42,59
H,35,43,60
H,35,43,61
H,36,44,62
H,36,45,63
H,37,45,64
H,38,46,65
H,37,47,66
H,38,48,67
H,39,48,68
H,39,49,69
H,40,50,70
H,41,50,71
H,41,51,72
H,42,52,73
H,43,53,74
H,43,53,75
H,44,54,76
H,44,55,77
H,44,55,78
H,45,56,79
H,46,57,80
H,46,57,81
H,47,58,82
H,48,59,83
H,48,60,84
H,49,60,85
H,49,61,86
H,50,62,87
H,50,62,88
H,50,63,89
H,51,64,90
H,52,64,91
H,52,65,92
H,53,66,93
H,54,67,94
H,54,67,95
H,55,68,96
H,56,69,97
H,56,69,98
H,56,70,99
I,3,18,25
I,3,19,26
I,3,19,27
I,3,20,28
I,4,21,29
I,4,22,30
I,4,22,31
I,3,23,32
I,3,24,33
I,3,24,34
I,4,25,35
I,4,26,36
I,4,26,37
I,4,27,38
I,4,28,39
I,4,29,40
I,5,29,41
I,5,30,42
I,5,31,43
I,4,31,44
I,4,32,45
I,5,33,46
I,5,33,47
I,5,34,48
I,5,35,49
I,5,36,50
I,5,36,51
I,6,37,52
I,6,38,53
I,6,38,54
I,5,39,55
I,5,40,56
I,6,41,57
I,6,41,58
I,6,42,59
I,6,43,60
I,6,43,61
I,6,44,62
I,7,45,63
I,7,45,64
I,7,46,65
I,6,47,66
I,6,48,67
I,6,48,68
I,7,49,69
I,7,50,70
I,7,50,71
I,7,51,72
I,7,52,73
I,8,53,74
I,8,53,75
I,8,54,76
I,7,55,77
I,7,55,78
I,7,56,79
I,8,57,80
I,8,57,81
I,8,58,82
I,8,59,83
I,8,60,84
I,8,60,85
I,9,61,86
I,9,62,87
I,8,62,88
I,8,63,89
I,8,64,90
I,9,64,91
I,9,65,92
I,9,66,93
I,9,67,94
I,9,67,95
I,9,68,96
I,10,69,97
I,10,69,98
I,9,70,99
J,11,19,25
J,11,20,26
J,11,20,27
J,12,21,28
J,12,22,29
J,13,23,30
J,13,23,31
J,14,24,32
J,14,25,33
J,15,25,34
J,15,26,35
J,16,27,36
J,16,27,37
J,16,28,38
J,17,29,39
J,17,30,40
J,18,30,41
J,18,31,42
J,19,32,43
J,19,32,44
J,19,33,45
J,19,34,46
J,19,34,47
J,20,35,48
J,20,36,49
J,21,37,50
J,21,37,51
J,22,38,52
J,22,39,53
J,23,39,54
J,23,40,55
J,23,41,56
J,24,42,57
J,24,42,58
J,25,43,59
J,25,44,60
J,26,44,61
J,26,45,62
J,27,46,63
J,27,46,64
J,28,47,65
J,28,48,66
J,28,49,67
J,29,50,68
J,28,51,69
J,29,52,70
J,29,52,71
J,30,53,72
J,30,54,73
J,31,55,74
J,31,55,75
J,31,56,76
J,32,57,77
J,32,57,78
J,33,58,79
J,33,59,80
J,34,59,81
J,34,60,82
J,35,61,83
J,35,62,84
J,35,62,85
J,36,63,86
J,36,64,87
J,37,64,88
J,37,65,89
J,38,66,90
J,38,66,91
J,39,67,92
J,38,68,93
J,39,69,94
J,39,69,95
J,39,70,96
J,40,71,97
J,40,71,98
J,41,72,99
K,14,18,25
K,15,19,26
K,15,19,27
K,16,20,28
K,17,21,29
K,17,22,30
K,18,22,31
K,18,23,32
K,18,24,33
K,19,24,34
K,19,25,35
K,20,26,36
K,21,26,37
K,21,27,38
K,22,28,39
K,23,29,40
K,23,29,41
K,24,30,42
K,24,31,43
K,24,31,44
K,25,32,45
K,25,33,46
K,26,34,47
K,27,34,48
K,27,35,49
K,28,36,50
K,29,36,51
K,29,37,52
K,30,38,53
K,30,39,54
K,30,39,55
K,31,40,56
K,31,41,57
K,32,41,58
K,33,42,59
K,33,43,60
K,34,43,61
K,34,44,62
K,35,45,63
K,36,46,64
K,36,46,65
K,36,47,66
K,37,48,67
K,37,48,68
K,38,49,69
K,39,50,70
K,39,51,71
K,40,51,72
K,40,52,73
K,41,53,74
K,42,53,75
K,42,54,76
K,42,55,77
K,43,55,78
K,43,56,79
K,44,57,80
K,44,58,81
K,45,58,82
K,46,59,83
K,46,60,84
K,47,60,85
K,48,61,86
K,48,62,87
K,48,62,88
K,48,63,89
K,49,64,90
K,50,65,91
K,50,65,92
K,51,66,93
K,52,67,94
K,52,67,95
K,53,68,96
K,54,69,97
K,54,69,98
K,54,70,99
L,11,18,25
L,12,19,26
L,12,19,27
L,13,20,28
L,13,21,29
L,14,22,30
L,14,22,31
L,14,23,32
L,14,24,33
L,15,24,34
L,15,25,35
L,16,26,36
L,17,26,37
L,17,27,38
L,18,28,39
L,18,29,40
L,19,29,41
L,19,30,42
L,20,31,43
L,19,31,44
L,20,32,45
L,20,33,46
L,21,33,47
L,21,34,48
L,22,35,49
L,22,36,50
L,23,36,51
L,23,37,52
L,24,38,53
L,24,38,54
L,24,39,55
L,24,40,56
L,25,41,57
L,25,41,58
L,26,42,59
L,26,43,60
L,27,43,61
L,27,44,62
L,28,45,63
L,29,45,64
L,29,46,65
L,29,47,66
L,29,48,67
L,30,48,68
L,30,49,69
L,31,50,70
L,31,50,71
L,32,51,72
L,32,52,73
L,33,53,74
L,33,53,75
L,34,54,76
L,33,55,77
L,34,55,78
L,34,56,79
L,35,57,80
L,35,57,81
L,36,58,82
L,36,59,83
L,37,60,84
L,37,60,85
L,38,61,86
L,38,62,87
L,38,62,88
L,38,63,89
L,39,64,90
L,39,64,91
L,40,65,92
L,41,66,93
L,41,67,94
L,42,67,95
L,42,68,96
L,43,69,97
L,43,69,98
L,43,70,99
M,18,18,25
M,19,19,26
M,20,19,27
M,20,20,28
M,21,21,29
M,22,22,30
M,23,22,31
M,22,23,32
M,23,24,33
M,24,24,34
M,25,25,35
M,26,26,36
M,26,26,37
M,27,27,38
M,28,28,39
M,29,29,40
M,30,29,41
M,30,30,42
M,31,31,43
M,31,31,44
M,32,32,45
M,32,33,46
M,33,33,47
M,34,34,48
M,35,35,49
M,36,36,50
M,36,36,51
M,37,37,52
M,38,38,53
M,39,38,54
M,39,39,55
M,39,40,56
M,40,41,57
M,41,41,58
M,42,42,59
M,42,43,60
M,43,43,61
M,44,44,62
M,45,45,63
M,46,45,64
M,46,46,65
M,46,47,66
M,47,48,67
M,48,48,68
M,48,49,69
M,49,50,70
M,50,50,71
M,51,51,72
M,52,52,73
M,52,53,74
M,53,53,75
M,54,54,76
M,54,55,77
M,55,55,78
M,55,56,79
M,56,57,80
M,57,57,81
M,58,58,82
M,58,59,83
M,59,60,84
M,60,60,85
M,61,61,86
M,62,62,87
M,61,62,88
M,62,63,89
M,63,64,90
M,64,64,91
M,65,65,92
M,65,66,93
M,66,67,94
M,67,67,95
M,68,68,96
M,68,69,97
M,69,69,98
M,69,70,99
N,15,18,25
N,15,19,26
N,16,19,27
N,17,20,28
N,17,21,29
N,18,22,30
N,19,22,31
N,18,23,32
N,19,24,33
N,20,24,34
N,20,25,35
N,21,26,36
N,22,26,37
N,22,27,38
N,23,28,39
N,23,29,40
N,24,29,41
N,25,30,42
N,25,31,43
N,25,31,44
N,26,32,45
N,26,33,46
N,27,33,47
N,28,34,48
N,28,35,49
N,29,36,50
N,30,36,51
N,30,37,52
N,31,38,53
N,32,38,54
N,31,39,55
N,32,40,56
N,33,41,57
N,33,41,58
N,34,42,59
N,35,43,60
N,35,43,61
N,36,44,62
N,36,45,63
N,37,45,64
N,38,46,65
N,37,47,66
N,38,48,67
N,39,48,68
N,39,49,69
N,40,50,70
N,41,50,71
N,41,51,72
N,42,52,73
N,43,53,74
N,43,53,75
N,44,54,76
N,44,55,77
N,44,55,78
N,45,56,79
N,46,57,80
N,46,57,81
N,47,58,82
N,48,59,83
N,48,60,84
N,49,60,85
N,49,61,86
N,50,62,87
N,50,62,88
N,50,63,89
N,51,64,90
N,52,64,91
N,52,65,92
N,53,66,93
N,54,67,94
N,54,67,95
N,55,68,96
N,56,69,97
N,56,69,98
N,56,70,99
O,17,19,25
O,18,20,26
O,19,21,27
O,19,22,28
O,20,22,29
O,20,23,30
O,20,24,31
O,21,24,32
O,22,25,33
O,22,26,34
O,23,27,35
O,24,27,36
O,25,28,37
O,25,29,38
O,26,30,39
O,27,30,40
O,27,31,41
O,28,32,42
O,29,32,43
O,30,33,44
O,30,34,45
O,30,35,46
O,31,35,47
O,31,36,48
O,32,37,49
O,33,37,50
O,34,38,51
O,34,39,52
O,35,40,53
O,36,40,54
O,36,41,55
O,37,42,56
O,38,42,57
O,38,43,58
O,39,44,59
O,40,45,60
O,41,45,61
O,40,46,62
O,41,47,63
O,42,48,64
O,42,48,65
O,43,49,66
O,44,50,67
O,45,51,68
O,45,52,69
O,46,53,70
O,47,54,71
O,47,54,72
O,48,55,73
O,49,56,74
O,50,56,75
O,50,57,76
O,51,58,77
O,51,59,78
O,51,59,79
O,52,60,80
O,53,61,81
O,54,62,82
O,54,62,83
O,55,63,84
O,56,64,85
O,56,64,86
O,57,65,87
O,58,66,88
O,58,67,89
O,59,67,90
O,60,68,91
O,61,69,92
O,61,69,93
O,61,70,94
O,62,71,95
O,62,72,96
O,63,72,97
O,64,73,98
O,65,74,99
P,13,18,25
P,13,19,26
P,14,19,27
P,15,20,28
P,15,21,29
P,16,22,30
P,16,22,31
P,16,23,32
P,17,24,33
P,17,24,34
P,18,25,35
P,18,26,36
P,19,26,37
P,19,27,38
P,20,28,39
P,21,29,40
P,21,29,41
P,22,30,42
P,22,31,43
P,22,31,44
P,23,32,45
P,23,33,46
P,24,33,47
P,24,34,48
P,25,35,49
P,25,36,50
P,26,36,51
P,27,37,52
P,27,38,53
P,28,38,54
P,27,39,55
P,28,40,56
P,29,41,57
P,29,41,58
P,30,42,59
P,30,43,60
P,31,43,61
P,31,44,62
P,32,45,63
P,33,45,64
P,33,46,65
P,33,47,66
P,33,48,67
P,34,48,68
P,35,49,69
P,35,50,70
P,36,50,71
P,36,51,72
P,37,52,73
P,37,53,74
P,38,53,75
P,39,54,76
P,38,55,77
P,39,55,78
P,39,56,79
P,40,57,80
P,40,57,81
P,41,58,82
P,42,59,83
P,42,60,84
P,43,60,85
P,43,61,86
P,44,62,87
P,44,62,88
P,44,63,89
P,45,64,90
P,45,64,91
P,46,65,92
P,46,66,93
P,47,67,94
P,48,67,95
P,48,68,96
P,49,69,97
P,49,69,98
P,49,70,99
Q,17,20,25
Q,18,21,26
Q,19,23,27
Q,19,24,28
Q,20,24,29
Q,20,25,30
Q,20,26,31
Q,21,26,32
Q,22,27,33
Q,22,28,34
Q,23,29,35
Q,24,29,36
Q,25,30,37
Q,25,31,38
Q,26,32,39
Q,27,33,40
Q,27,34,41
Q,28,35,42
Q,29,35,43
Q,30,36,44
Q,30,37,45
Q,30,38,46
Q,31,38,47
Q,31,39,48
Q,32,40,49
Q,33,40,50
Q,34,41,51
Q,34,43,52
Q,35,44,53
Q,36,44,54
Q,36,45,55
Q,37,46,56
Q,38,46,57
Q,38,47,58
Q,39,48,59
Q,40,49,60
Q,41,49,61
Q,40,50,62
Q,41,51,63
Q,42,53,64
Q,42,53,65
Q,43,54,66
Q,44,55,67
Q,45,55,68
Q,45,56,69
Q,46,57,70
Q,47,58,71
Q,47,58,72
Q,48,59,73
Q,49,60,74
Q,50,60,75
Q,50,61,76
Q,51,63,77
Q,51,64,78
Q,51,64,79
Q,52,65,80
Q,53,66,81
Q,54,67,82
Q,54,67,83
Q,55,68,84
Q,56,69,85
Q,56,69,86
Q,57,70,87
Q,58,71,88
Q,58,73,89
Q,59,73,90
Q,60,74,91
Q,61,75,92
Q,61,75,93
Q,61,76,94
Q,62,77,95
Q,62,78,96
Q,63,78,97
Q,64,79,98
Q,65,80,99
R,13,18,25
R,14,19,26
R,15,19,27
R,15,20,28
R,16,21,29
R,17,22,30
R,17,22,31
R,17,23,32
R,17,24,33
R,18,24,34
R,19,25,35
R,19,26,36
R,20,26,37
R,20,27,38
R,21,28,39
R,22,29,40
R,22,29,41
R,23,30,42
R,23,31,43
R,23,31,44
R,24,32,45
R,24,33,46
R,25,33,47
R,25,34,48
R,26,35,49
R,27,36,50
R,27,36,51
R,28,37,52
R,28,38,53
R,29,38,54
R,29,39,55
R,29,40,56
R,30,41,57
R,30,41,58
R,31,42,59
R,32,43,60
R,32,43,61
R,33,44,62
R,33,45,63
R,34,45,64
R,35,46,65
R,34,47,66
R,35,48,67
R,36,48,68
R,36,49,69
R,37,50,70
R,37,50,71
R,38,51,72
R,39,52,73
R,39,53,74
R,40,53,75
R,40,54,76
R,40,55,77
R,41,55,78
R,41,56,79
R,42,57,80
R,42,57,81
R,43,58,82
R,44,59,83
R,44,60,84
R,45,60,85
R,45,61,86
R,46,62,87
R,46,62,88
R,46,63,89
R,47,64,90
R,47,64,91
R,48,65,92
R,49,66,93
R,49,67,94
R,50,67,95
R,50,68,96
R,51,69,97
R,52,69,98
R,51,70,99
S,14,19,25
S,14,20,26
S,15,21,27
S,16,22,28
S,16,22,29
S,17,23,30
S,17,24,31
S,18,24,32
S,19,25,33
S,18,26,34
S,19,27,35
S,19,27,36
S,20,28,37
S,20,29,38
S,21,30,39
S,22,30,40
S,22,31,41
S,23,32,42
S,23,32,43
S,24,33,44
S,25,34,45
S,25,35,46
S,26,35,47
S,26,36,48
S,27,37,49
S,27,37,50
S,28,38,51
S,28,39,52
S,28,40,53
S,29,40,54
S,29,41,55
S,30,42,56
S,30,42,57
S,31,43,58
S,32,44,59
S,32,45,60
S,33,45,61
S,33,46,62
S,34,47,63
S,35,48,64
S,35,48,65
S,36,49,66
S,36,50,67
S,37,51,68
S,37,52,69
S,37,53,70
S,38,54,71
S,38,54,72
S,39,55,73
S,39,56,74
S,40,56,75
S,41,57,76
S,41,58,77
S,42,59,78
S,42,59,79
S,43,60,80
S,43,61,81
S,44,62,82
S,45,62,83
S,45,63,84
S,46,64,85
S,46,64,86
S,46,65,87
S,47,66,88
S,47,67,89
S,48,67,90
S,48,68,91
S,49,69,92
S,49,69,93
S,50,70,94
S,51,71,95
S,51,72,96
S,52,72,97
S,52,73,98
S,53,74,99
T,14,18,25
T,15,19,26
T,15,19,27
T,16,20,28
T,16,21,29
T,17,22,30
T,18,22,31
T,18,23,32
T,19,24,33
T,19,24,34
T,20,25,35
T,21,26,36
T,21,26,37
T,22,27,38
T,22,28,39
T,23,29,40
T,22,29,41
T,23,30,42
T,24,31,43
T,24,31,44
T,25,32,45
T,25,33,46
T,26,33,47
T,27,34,48
T,27,35,49
T,28,36,50
T,28,36,51
T,29,37,52
T,30,38,53
T,30,38,54
T,31,39,55
T,31,40,56
T,32,41,57
T,32,41,58
T,33,42,59
T,34,43,60
T,34,43,61
T,35,44,62
T,34,45,63
T,35,45,64
T,36,46,65
T,36,47,66
T,37,48,67
T,37,48,68
T,38,49,69
T,39,50,70
T,39,50,71
T,40,51,72
T,40,52,73
T,41,53,74
T,41,53,75
T,42,54,76
T,43,55,77
T,43,55,78
T,44,56,79
T,44,57,80
T,45,57,81
T,46,58,82
T,46,59,83
T,47,60,84
T,46,60,85
T,47,61,86
T,48,62,87
T,48,62,88
T,49,63,89
T,49,64,90
T,50,64,91
T,50,65,92
T,51,66,93
T,52,67,94
T,52,67,95
T,53,68,96
T,53,69,97
T,54,69,98
T,55,70,99
U,15,19,25
U,15,20,26
U,16,20,27
U,17,21,28
U,17,22,29
U,18,23,30
U,18,23,31
U,19,24,32
U,19,25,33
U,19,25,34
U,20,26,35
U,21,27,36
U,21,27,37
U,22,28,38
U,23,29,39
U,23,30,40
U,24,30,41
U,25,31,42
U,25,32,43
U,25,32,44
U,26,33,45
U,26,34,46
U,27,34,47
U,28,35,48
U,28,36,49
U,29,37,50
U,29,37,51
U,30,38,52
U,31,39,53
U,31,39,54
U,31,40,55
U,32,41,56
U,32,42,57
U,33,42,58
U,34,43,59
U,34,44,60
U,35,44,61
U,36,45,62
U,36,46,63
U,37,46,64
U,38,47,65
U,38,48,66
U,38,49,67
U,38,50,68
U,39,51,69
U,40,52,70
U,40,52,71
U,41,53,72
U,42,54,73
U,42,55,74
U,43,55,75
U,44,56,76
U,44,57,77
U,44,57,78
U,45,58,79
U,45,59,80
U,46,59,81
U,47,60,82
U,47,61,83
U,48,62,84
U,48,62,85
U,49,63,86
U,50,64,87
U,50,64,88
U,50,65,89
U,51,66,90
U,51,66,91
U,52,67,92
U,53,68,93
U,53,69,94
U,54,69,95
U,55,70,96
U,55,71,97
U,56,71,98
U,57,72,99
V,16,18,25
V,16,19,26
V,17,19,27
V,17,20,28
V,18,21,29
V,19,22,30
V,19,22,31
V,20,23,32
V,20,24,33
V,21,24,34
V,22,25,35
V,22,26,36
V,23,26,37
V,24,27,38
V,24,28,39
V,25,29,40
V,26,29,41
V,26,30,42
V,27,31,43
V,28,31,44
V,28,32,45
V,29,33,46
V,29,34,47
V,30,34,48
V,31,35,49
V,31,36,50
V,32,36,51
V,33,37,52
V,33,38,53
V,34,38,54
V,35,39,55
V,34,40,56
V,35,41,57
V,36,41,58
V,36,42,59
V,37,43,60
V,37,43,61
V,38,44,62
V,39,45,63
V,39,45,64
V,40,46,65
V,41,47,66
V,41,48,67
V,42,48,68
V,43,49,69
V,43,50,70
V,44,50,71
V,44,51,72
V,45,52,73
V,46,53,74
V,46,53,75
V,47,54,76
V,48,55,77
V,48,55,78
V,49,56,79
V,50,57,80
V,50,57,81
V,51,58,82
V,52,59,83
V,52,60,84
V,53,60,85
V,52,61,86
V,53,62,87
V,54,62,88
V,54,63,89
V,55,64,90
V,56,65,91
V,56,65,92
V,57,66,93
V,58,67,94
V,58,67,95
V,59,68,96
V,59,69,97
V,60,69,98
V,61,70,99
W,22,18,25
W,23,19,26
W,24,19,27
W,25,20,28
W,26,21,29
W,27,22,30
W,28,22,31
W,29,23,32
W,30,24,33
W,31,24,34
W,32,25,35
W,33,26,36
W,34,26,37
W,34,27,38
W,35,28,39
W,36,29,40
W,37,29,41
W,38,30,42
W,38,31,43
W,39,31,44
W,40,32,45
W,41,33,46
W,42,34,47
W,43,34,48
W,44,35,49
W,45,36,50
W,45,36,51
W,46,37,52
W,47,38,53
W,48,39,54
W,49,39,55
W,50,40,56
W,51,41,57
W,52,41,58
W,53,42,59
W,54,43,60
W,55,43,61
W,56,44,62
W,57,45,63
W,57,45,64
W,58,46,65
W,58,47,66
W,59,48,67
W,60,48,68
W,61,49,69
W,62,50,70
W,63,51,71
W,64,51,72
W,65,52,73
W,66,53,74
W,67,53,75
W,68,54,76
W,69,55,77
W,69,55,78
W,70,56,79
W,71,57,80
W,72,57,81
W,73,58,82
W,74,59,83
W,75,60,84
W,76,60,85
W,77,61,86
W,78,62,87
W,79,62,88
W,79,63,89
W,80,64,90
W,80,64,91
W,81,65,92
W,82,66,93
W,83,67,94
W,84,67,95
W,85,68,96
W,86,69,97
W,87,69,98
W,88,70,99
X,15,18,25
X,16,19,26
X,17,20,27
X,17,20,28
X,18,21,29
X,18,22,30
X,19,22,31
X,20,23,32
X,20,24,33
X,21,24,34
X,22,25,35
X,22,26,36
X,23,27,37
X,23,27,38
X,24,28,39
X,25,29,40
X,25,29,41
X,26,30,42
X,27,31,43
X,26,31,44
X,27,32,45
X,28,33,46
X,28,33,47
X,29,34,48
X,29,35,49
X,30,36,50
X,31,36,51
X,31,37,52
X,32,38,53
X,33,38,54
X,33,39,55
X,34,40,56
X,35,41,57
X,35,41,58
X,36,42,59
X,36,43,60
X,37,43,61
X,38,44,62
X,38,45,63
X,39,45,64
X,40,46,65
X,40,47,66
X,40,48,67
X,41,48,68
X,41,49,69
X,42,50,70
X,42,50,71
X,43,51,72
X,44,52,73
X,44,53,74
X,45,53,75
X,46,54,76
X,46,55,77
X,47,55,78
X,47,56,79
X,48,57,80
X,49,58,81
X,49,58,82
X,50,59,83
X,51,60,84
X,51,60,85
X,52,61,86
X,53,62,87
X,53,62,88
X,54,63,89
X,53,64,90
X,54,65,91
X,55,65,92
X,55,66,93
X,56,67,94
X,57,67,95
X,57,68,96
X,58,69,97
X,59,70,98
X,59,70,99
Y,16,18,25
Y,16,19,26
Y,16,19,27
Y,17,20,28
Y,17,21,29
Y,18,22,30
Y,19,22,31
Y,19,23,32
Y,20,24,33
Y,21,24,34
Y,21,25,35
Y,22,26,36
Y,22,26,37
Y,23,27,38
Y,24,28,39
Y,24,29,40
Y,25,29,41
Y,25,30,42
Y,26,31,43
Y,27,31,44
Y,27,32,45
Y,28,33,46
Y,29,34,47
Y,29,34,48
Y,30,35,49
Y,30,36,50
Y,31,36,51
Y,32,37,52
Y,32,38,53
Y,33,39,54
Y,34,39,55
Y,33,40,56
Y,34,41,57
Y,34,41,58
Y,35,42,59
Y,36,43,60
Y,36,43,61
Y,37,44,62
Y,38,45,63
Y,38,45,64
Y,39,46,65
Y,39,47,66
Y,40,48,67
Y,41,48,68
Y,41,49,69
Y,42,50,70
Y,43,51,71
Y,43,51,72
Y,44,52,73
Y,44,53,74
Y,45,53,75
Y,46,54,76
Y,46,55,77
Y,47,55,78
Y,47,56,79
Y,48,57,80
Y,49,57,81
Y,49,58,82
Y,50,59,83
Y,51,60,84
Y,51,60,85
Y,51,61,86
Y,51,62,87
Y,52,62,88
Y,53,63,89
Y,53,64,90
Y,54,65,91
Y,55,65,92
Y,55,66,93
Y,56,67,94
Y,56,67,95
Y,57,68,96
Y,58,69,97
Y,58,70,98
Y,59,70,99
Z,14,18,25
Z,15,19,26
Z,14,19,27
Z,15,20,28
Z,16,21,29
Z,16,22,30
Z,17,22,31
Z,17,23,32
Z,18,24,33
Z,18,24,34
Z,19,25,35
Z,20,26,36
Z,20,26,37
Z,21,27,38
Z,21,28,39
Z,22,29,40
Z,22,29,41
Z,22,30,42
Z,23,31,43
Z,23,31,44
Z,24,32,45
Z,25,33,46
Z,25,33,47
Z,26,34,48
Z,26,35,49
Z,27,36,50
Z,28,36,51
Z,28,37,52
Z,29,38,53
Z,29,38,54
Z,30,39,55
Z,29,40,56
Z,30,41,57
Z,31,41,58
Z,31,42,59
Z,32,43,60
Z,32,43,61
Z,33,44,62
Z,34,45,63
Z,34,45,64
Z,35,46,65
Z,35,47,66
Z,36,48,67
Z,37,48,68
Z,37,49,69
Z,37,50,70
Z,37,50,71
Z,38,51,72
Z,39,52,73
Z,39,53,74
Z,40,53,75
Z,40,54,76
Z,41,55,77
Z,41,55,78
Z,42,56,79
Z,43,57,80
Z,43,57,81
Z,44,58,82
Z,44,59,83
Z,44,60,84
Z,45,60,85
Z,45,61,86
Z,46,62,87
Z,46,62,88
Z,47,63,89
Z,48,64,90
Z,48,64,91
Z,49,65,92
Z,49,66,93
Z,50,67,94
Z,51,67,95
Z,51,68,96
Z,52,69,97
Z,51,69,98
Z,52,70,99
0,13,19,25
0,14,20,26
0,15,21,27
0,15,22,28
0,15,22,29
0,15,23,30
0,16,24,31
0,16,24,32
0,17,25,33
0,18,26,34
0,18,27,35
0,19,27,36
0,19,28,37
0,20,29,38
0,20,30,39
0,21,30,40
0,21,31,41
0,22,32,42
0,23,32,43
0,22,33,44
0,23,34,45
0,23,35,46
0,24,35,47
0,24,36,48
0,25,37,49
0,26,37,50
0,26,38,51
0,27,39,52
0,27,40,53
0,28,40,54
0,28,41,55
0,29,42,56
0,30,42,57
0,30,43,58
0,30,44,59
0,30,45,60
0,31,45,61
0,31,46,62
0,32,47,63
0,32,48,64
0,33,48,65
0,34,49,66
0,34,50,67
0,35,51,68
0,35,52,69
0,36,53,70
0,36,54,71
0,37,54,72
0,38,55,73
0,37,56,74
0,38,56,75
0,38,57,76
0,39,58,77
0,39,59,78
0,40,59,79
0,40,60,80
0,41,61,81
0,42,62,82
0,42,62,83
0,43,63,84
0,43,64,85
0,44,64,86
0,44,65,87
0,45,66,88
0,46,67,89
0,45,67,90
0,46,68,91
0,46,69,92
0,47,69,93
0,47,70,94
0,48,71,95
0,49,72,96
0,49,72,97
0,50,73,98
0,50,74,99
1,8,18,25
1,8,19,26
1,9,19,27
1,9,20,28
1,9,21,29
1,10,22,30
1,9,22,31
1,9,23,32
1,10,24,33
1,10,24,34
1,10,25,35
1,11,26,36
1,11,26,37
1,11,27,38
1,12,28,39
1,12,29,40
1,12,29,41
1,13,30,42
1,13,31,43
1,13,31,44
1,14,32,45
1,13,33,46
1,13,33,47
1,14,34,48
1,14,35,49
1,14,36,50
1,15,36,51
1,15,37,52
1,15,38,53
1,16,38,54
1,16,39,55
1,16,40,56
1,17,41,57
1,17,41,58
1,17,42,59
1,18,43,60
1,18,43,61
1,18,44,62
1,18,45,63
1,18,45,64
1,18,46,65
1,19,47,66
1,19,48,67
1,19,48,68
1,20,49,69
1,20,50,70
1,20,50,71
1,21,51,72
1,21,52,73
1,21,53,74
1,22,53,75
1,22,54,76
1,21,55,77
1,22,55,78
1,22,56,79
1,22,57,80
1,23,57,81
1,23,58,82
1,24,59,83
1,24,60,84
1,24,60,85
1,25,61,86
1,25,62,87
1,25,62,88
1,26,63,89
1,26,64,90
1,26,64,91
1,26,65,92
1,27,66,93
1,26,67,94
1,27,67,95
1,27,68,96
1,27,69,97
1,28,69,98
1,28,70,99
2,13,18,25
2,12,19,26
2,13,20,27
2,13,21,28
2,14,21,29
2,14,22,30
2,15,23,31
2,15,23,32
2,16,24,33
2,17,25,34
2,17,26,35
2,18,26,36
2,18,27,37
2,19,28,38
2,18,29,39
2,19,29,40
2,19,30,41
2,20,31,42
2,20,31,43
2,21,32,44
2,21,33,45
2,22,34,46
2,23,34,47
2,23,35,48
2,24,36,49
2,24,36,50
2,25,37,51
2,25,38,52
2,25,39,53
2,25,39,54
2,26,40,55
2,26,41,56
2,27,41,57
2,27,42,58
2,28,43,59
2,28,44,60
2,29,44,61
2,30,45,62
2,30,46,63
2,31,47,64
2,31,47,65
2,32,48,66
2,31,49,67
2,32,49,68
2,32,50,69
2,33,51,70
2,33,52,71
2,34,52,72
2,34,53,73
2,35,54,74
2,35,54,75
2,36,55,76
2,37,56,77
2,37,57,78
2,38,57,79
2,37,58,80
2,38,59,81
2,38,60,82
2,39,60,83
2,39,61,84
2,40,62,85
2,40,62,86
2,41,63,87
2,41,64,88
2,42,65,89
2,42,65,90
2,43,66,91
2,44,67,92
2,44,67,93
2,44,68,94
2,44,69,95
2,45,70,96
2,45,70,97
2,46,71,98
2,46,72,99
3,13,19,25
3,14,20,26
3,15,21,27
3,14,21,28
3,15,22,29
3,15,23,30
3,16,24,31
3,16,24,32
3,17,25,33
3,18,26,34
3,18,26,35
3,19,27,36
3,19,28,37
3,20,29,38
3,20,29,39
3,21,30,40
3,21,31,41
3,21,31,42
3,22,32,43
3,22,33,44
3,23,34,45
3,23,34,46
3,24,35,47
3,24,36,48
3,25,36,49
3,26,37,50
3,26,38,51
3,27,39,52
3,27,39,53
3,28,40,54
3,28,41,55
3,29,41,56
3,28,42,57
3,29,43,58
3,30,44,59
3,30,44,60
3,31,45,61
3,31,46,62
3,32,47,63
3,32,47,64
3,33,48,65
3,34,49,66
3,34,49,67
3,35,50,68
3,35,51,69
3,36,52,70
3,35,52,71
3,36,53,72
3,36,54,73
3,37,54,74
3,38,55,75
3,38,56,76
3,39,57,77
3,39,57,78
3,40,58,79
3,40,59,80
3,41,59,81
3,42,60,82
3,42,61,83
3,43,62,84
3,43,62,85
3,43,63,86
3,43,64,87
3,44,64,88
3,44,65,89
3,45,66,90
3,46,67,91
3,46,67,92
3,47,68,93
3,47,69,94
3,48,69,95
3,48,71,96
3,49,72,97
3,50,73,98
3,50,73,99
4,14,18,25
4,15,19,26
4,15,19,27
4,16,20,28
4,16,21,29
4,17,22,30
4,18,22,31
4,18,23,32
4,18,24,33
4,18,24,34
4,19,25,35
4,19,26,36
4,20,26,37
4,21,27,38
4,21,28,39
4,22,29,40
4,22,29,41
4,23,30,42
4,24,31,43
4,24,31,44
4,25,32,45
4,25,33,46
4,26,33,47
4,27,34,48
4,27,35,49
4,28,36,50
4,27,36,51
4,28,37,52
4,28,38,53
4,29,38,54
4,30,39,55
4,30,40,56
4,31,41,57
4,31,41,58
4,32,42,59
4,33,43,60
4,33,43,61
4,34,44,62
4,34,45,63
4,35,45,64
4,35,46,65
4,36,47,66
4,37,48,67
4,36,48,68
4,37,49,69
4,37,50,70
4,38,50,71
4,39,51,72
4,39,52,73
4,40,53,74
4,40,53,75
4,41,54,76
4,42,55,77
4,42,55,78
4,43,56,79
4,43,57,80
4,44,57,81
4,44,58,82
4,45,59,83
4,46,60,84
4,46,60,85
4,46,61,86
4,46,62,87
4,47,62,88
4,48,63,89
4,48,64,90
4,49,64,91
4,49,65,92
4,50,66,93
4,50,67,94
4,51,67,95
4,52,68,96
4,52,69,97
4,53,69,98
4,53,70,99
5,13,19,25
5,13,20,26
5,13,20,27
5,14,21,28
5,14,22,29
5,15,23,30
5,16,23,31
5,16,24,32
5,17,25,33
5,17,25,34
5,18,26,35
5,18,27,36
5,19,27,37
5,19,28,38
5,19,29,39
5,20,30,40
5,20,30,41
5,21,31,42
5,21,32,43
5,22,32,44
5,22,33,45
5,23,34,46
5,23,34,47
5,24,35,48
5,25,36,49
5,25,37,50
5,26,37,51
5,26,38,52
5,26,39,53
5,26,39,54
5,27,40,55
5,27,41,56
5,28,42,57
5,29,42,58
5,29,43,59
5,30,44,60
5,30,44,61
5,31,45,62
5,31,46,63
5,32,46,64
5,32,47,65
5,32,48,66
5,33,49,67
5,33,50,68
5,34,51,69
5,34,52,70
5,35,52,71
5,35,53,72
5,36,54,73
5,36,55,74
5,37,55,75
5,38,56,76
5,38,57,77
5,39,57,78
5,39,58,79
5,39,59,80
5,39,59,81
5,40,60,82
5,40,61,83
5,41,62,84
5,42,62,85
5,42,63,86
5,43,64,87
5,43,64,88
5,44,65,89
5,44,66,90
5,45,66,91
5,45,67,92
5,45,68,93
5,46,69,94
5,46,69,95
5,47,70,96
5,47,71,97
5,48,71,98
5,48,72,99
6,14,19,25
6,14,20,26
6,15,21,27
6,15,22,28
6,16,22,29
6,16,23,30
6,16,24,31
6,17,24,32
6,17,25,33
6,18,26,34
6,18,27,35
6,19,27,36
6,20,28,37
6,20,29,38
6,21,30,39
6,21,30,40
6,22,31,41
6,22,32,42
6,23,32,43
6,24,33,44
6,24,34,45
6,24,35,46
6,24,35,47
6,25,36,48
6,26,37,49
6,26,37,50
6,27,38,51
6,27,39,52
6,28,40,53
6,28,40,54
6,29,41,55
6,30,42,56
6,30,42,57
6,31,43,58
6,31,44,59
6,32,45,60
6,32,45,61
6,32,46,62
6,33,47,63
6,33,48,64
6,34,48,65
6,34,49,66
6,35,50,67
6,35,51,68
6,36,52,69
6,37,53,70
6,37,54,71
6,38,54,72
6,38,55,73
6,39,56,74
6,39,56,75
6,40,57,76
6,41,58,77
6,40,59,78
6,41,59,79
6,41,60,80
6,42,61,81
6,42,62,82
6,43,62,83
6,44,63,84
6,44,64,85
6,45,64,86
6,45,65,87
6,46,66,88
6,46,67,89
6,47,67,90
6,48,68,91
6,48,69,92
6,49,69,93
6,48,70,94
6,49,71,95
6,49,72,96
6,50,72,97
6,51,73,98
6,51,74,99
7,12,18,25
7,13,19,26
7,13,19,27
7,14,20,28
7,14,21,29
7,15,22,30
7,15,22,31
7,16,23,32
7,16,24,33
7,17,24,34
7,17,25,35
7,18,26,36
7,18,26,37
7,19,27,38
7,19,28,39
7,19,29,40
7,19,29,41
7,20,30,42
7,20,31,43
7,21,31,44
7,21,32,45
7,22,33,46
7,23,33,47
7,23,34,48
7,24,35,49
7,24,36,50
7,25,36,51
7,25,37,52
7,26,38,53
7,26,38,54
7,27,39,55
7,27,40,56
7,28,41,57
7,28,41,58
7,29,42,59
7,29,43,60
7,29,43,61
7,29,44,62
7,30,45,63
7,30,45,64
7,31,46,65
7,31,47,66
7,32,48,67
7,32,48,68
7,33,49,69
7,33,50,70
7,34,50,71
7,34,51,72
7,35,52,73
7,35,53,74
7,36,53,75
7,36,54,76
7,37,55,77
7,37,55,78
7,38,56,79
7,38,57,80
7,39,57,81
7,38,58,82
7,39,59,83
7,40,60,84
7,40,60,85
7,41,61,86
7,41,62,87
7,42,62,88
7,42,63,89
7,43,64,90
7,43,64,91
7,44,65,92
7,44,66,93
7,45,67,94
7,45,67,95
7,46,68,96
7,46,69,97
7,47,69,98
7,47,70,99
8,14,19,25
8,14,20,26
8,15,21,27
8,15,21,28
8,16,22,29
8,16,23,30
8,16,24,31
8,17,24,32
8,17,25,33
8,18,26,34
8,19,26,35
8,19,27,36
8,20,28,37
8,20,29,38
8,21,29,39
8,21,30,40
8,22,31,41
8,23,31,42
8,23,32,43
8,24,33,44
8,24,34,45
8,24,34,46
8,24,35,47
8,25,36,48
8,26,36,49
8,26,37,50
8,27,38,51
8,27,39,52
8,28,39,53
8,28,40,54
8,29,41,55
8,30,41,56
8,30,42,57
8,31,43,58
8,31,44,59
8,32,44,60
8,32,45,61
8,32,46,62
8,33,47,63
8,33,47,64
8,34,48,65
8,34,49,66
8,35,49,67
8,35,50,68
8,36,51,69
8,37,52,70
8,37,52,71
8,38,53,72
8,38,54,73
8,39,54,74
8,40,55,75
8,40,56,76
8,40,57,77
8,40,57,78
8,41,58,79
8,41,59,80
8,42,59,81
8,43,60,82
8,43,61,83
8,44,62,84
8,44,62,85
8,45,63,86
8,45,64,87
8,46,64,88
8,47,65,89
8,47,66,90
8,48,67,91
8,48,67,92
8,48,68,93
8,48,69,94
8,49,69,95
8,50,71,96
8,50,72,97
8,51,73,98
8,51,73,99
9,14,19,25
9,14,20,26
9,15,21,27
9,15,22,28
9,16,22,29
9,16,23,30
9,16,24,31
9,17,24,32
9,17,25,33
9,18,26,34
9,18,27,35
9,19,27,36
9,20,28,37
9,20,29,38
9,21,30,39
9,21,30,40
9,22,31,41
9,22,32,42
9,23,32,43
9,24,33,44
9,24,34,45
9,24,35,46
9,24,35,47
9,25,36,48
9,26,37,49
9,26,37,50
9,27,38,51
9,27,39,52
9,28,40,53
9,28,40,54
9,29,41,55
9,30,42,56
9,30,42,57
9,31,43,58
9,31,44,59
9,32,45,60
9,32,45,61
9,32,46,62
9,33,47,63
9,33,48,64
9,34,48,65
9,34,49,66
9,35,50,67
9,35,51,68
9,36,52,69
9,37,53,70
9,37,54,71
9,38,54,72
9,38,55,73
9,39,56,74
9,39,56,75
9,40,57,76
9,41,58,77
9,40,59,78
9,41,59,79
9,41,60,80
9,42,61,81
9,42,62,82
9,43,62,83
9,44,63,84
9,44,64,85
9,45,64,86
9,45,65,87
9,46,66,88
9,46,67,89
9,47,67,90
9,48,68,91
9,48,69,92
9,49,69,93
9,48,70,94
9,49,71,95
9,49,72,96
9,50,72,97
9,51,73,98
9,51,74,99